Running command iteration 1...
3.80355e+18
1.20874e+19
1.00804e+19
1.79672e+19
1.22787e+19
1.79672e+19
1.22787e+19
1.79672e+19
1.79672e+19
1.22787e+19
1.79672e+19
1.22787e+19
1.79672e+19
1.22787e+19
1.22787e+19
1.79672e+19
1.20874e+19
1.22787e+19
1.20874e+19
1.79672e+19
1.20874e+19
1.20874e+19
1.79672e+19
1.20874e+19
1.20874e+19
1.79672e+19
1.20874e+19
1.20874e+19
1.79672e+19
1.20874e+19
1.20874e+19
1.79672e+19
1.20874e+19
1.20874e+19
1.79672e+19
1.20874e+19
1.20874e+19
1.79672e+19
1.20874e+19
1.79672e+19
1.20874e+19
1.79672e+19
1.20874e+19
1.79672e+19
1.20874e+19
done


Running command iteration 2...
1.31913e+19
5.0569e+18
1.33318e+19
1.33318e+19
2.7507e+18
2.7507e+18
1.29791e+19
2.7507e+18
1.29791e+19
2.7507e+18
1.29791e+19
2.7507e+18
1.29791e+19
2.7507e+18
1.29791e+19
2.7507e+18
1.29791e+19
2.7507e+18
1.29791e+19
2.7507e+18
1.29791e+19
2.7507e+18
1.29791e+19
2.7507e+18
1.29791e+19
1.29791e+19
2.7507e+18
2.7507e+18
1.29791e+19
2.7507e+18
2.7507e+18
1.29791e+19
1.29791e+19
1.29791e+19
2.7507e+18
1.29791e+19
2.7507e+18
2.7507e+18
1.29791e+19
2.7507e+18
1.29791e+19
2.7507e+18
1.29791e+19
2.7507e+18
1.29791e+19
done


Running command iteration 3...
1.38689e+19
9.36382e+18
4.02504e+18
5.56504e+18
1.2207e+19
5.56504e+18
1.2207e+19
5.56504e+18
1.2207e+19
5.56504e+18
1.2207e+19
5.56504e+18
5.56504e+18
1.2207e+19
5.56504e+18
1.2207e+19
5.56504e+18
1.2207e+19
1.2207e+19
5.56504e+18
1.2207e+19
5.56504e+18
1.2207e+19
5.56504e+18
1.2207e+19
5.56504e+18
1.2207e+19
5.56504e+18
1.2207e+19
5.56504e+18
1.2207e+19
5.56504e+18
1.2207e+19
5.56504e+18
1.2207e+19
5.56504e+18
1.2207e+19
5.56504e+18
1.2207e+19
5.56504e+18
1.2207e+19
5.56504e+18
1.2207e+19
5.56504e+18
5.56504e+18
done


Running command iteration 4...
1.7296e+19
1.27383e+18
9.49997e+18
1.22383e+18
<native fn>
1.22383e+18
1.22383e+18
1.22383e+18
1.1061e+19
1.22383e+18
1.22383e+18
1.1061e+19
1.22383e+18
1.22383e+18
1.1061e+19
1.22383e+18
1.22383e+18
1.1061e+19
1.22383e+18
1.22383e+18
1.1061e+19
1.22383e+18
1.22383e+18
1.1061e+19
1.22383e+18
1.22383e+18
1.22383e+18
1.1061e+19
1.22383e+18
1.22383e+18
1.1061e+19
1.22383e+18
1.1061e+19
1.22383e+18
1.1061e+19
1.22383e+18
1.1061e+19
1.1061e+19
1.22383e+18
1.1061e+19
1.27383e+18
1.22383e+18
1.22383e+18
1.22383e+18
1.1061e+19
done


Running command iteration 5...
8.62242e+18
5.47199e+18
1.43292e+19
6.91114e+18
6.91114e+18
1.28917e+19
6.91114e+18
1.28917e+19
6.91114e+18
1.28917e+19
6.91114e+18
1.28917e+19
1.28917e+19
6.91114e+18
1.28917e+19
6.91114e+18
1.28917e+19
6.91114e+18
6.91114e+18
1.28917e+19
6.91114e+18
6.91114e+18
1.28917e+19
6.91114e+18
6.91114e+18
1.28917e+19
6.91114e+18
1.28917e+19
6.91114e+18
6.91114e+18
1.28917e+19
6.91114e+18
6.91114e+18
1.28917e+19
6.91114e+18
1.28917e+19
6.91114e+18
1.28917e+19
6.91114e+18
6.91114e+18
1.28917e+19
6.91114e+18
1.28917e+19
6.91114e+18
1.28917e+19
done


Running command iteration 6...
1.01956e+19
1.41905e+19
3.69432e+18
1.14119e+19
1.39853e+19
3.69432e+18
1.39853e+19
3.69432e+18
1.39853e+19
1.39853e+19
1.39853e+19
3.69432e+18
1.39853e+19
3.69432e+18
1.39853e+19
3.69432e+18
1.39853e+19
1.39853e+19
3.69432e+18
1.39853e+19
3.69432e+18
1.39853e+19
3.69432e+18
1.39853e+19
3.69432e+18
1.39853e+19
1.39853e+19
3.69432e+18
1.39853e+19
3.69432e+18
1.39853e+19
1.39853e+19
3.69432e+18
1.39853e+19
3.69432e+18
1.39853e+19
3.69432e+18
1.39853e+19
3.69432e+18
1.39853e+19
3.69432e+18
1.39853e+19
3.69432e+18
1.39853e+19
3.69432e+18
done


Running command iteration 7...
1.03785e+18
1.04076e+19
1.52616e+19
1.63027e+19
5.88128e+18
1.63027e+19
5.88128e+18
1.63027e+19
5.88128e+18
1.63027e+19
5.88128e+18
1.63027e+19
5.88128e+18
5.88128e+18
1.04076e+19
1.63027e+19
5.88128e+18
5.88128e+18
1.63027e+19
5.88128e+18
5.88128e+18
1.63027e+19
5.88128e+18
5.88128e+18
1.63027e+19
5.88128e+18
5.88128e+18
1.63027e+19
5.88128e+18
5.88128e+18
1.63027e+19
5.88128e+18
5.88128e+18
1.63027e+19
5.88128e+18
1.63027e+19
5.88128e+18
5.88128e+18
1.63027e+19
5.88128e+18
1.63027e+19
1.63027e+19
5.88128e+18
1.63027e+19
5.88128e+18
done


Running command iteration 8...
1.34609e+19
5.04795e+18
8.67657e+18
9.00713e+18
1.16433e+19
9.00713e+18
1.16433e+19
9.00713e+18
1.16433e+19
1.16433e+19
9.00713e+18
1.16433e+19
9.00713e+18
1.16433e+19
9.00713e+18
1.16433e+19
9.00713e+18
1.16433e+19
9.00713e+18
1.16433e+19
9.00713e+18
1.16433e+19
9.00713e+18
1.16433e+19
9.00713e+18
1.16433e+19
9.00713e+18
1.16433e+19
1.16433e+19
9.00713e+18
1.16433e+19
9.00713e+18
9.00713e+18
1.16433e+19
9.00713e+18
1.16433e+19
1.16433e+19
9.00713e+18
1.16433e+19
9.00713e+18
1.16433e+19
9.00713e+18
1.16433e+19
1.16433e+19
9.00713e+18
done


Running command iteration 9...
9.57225e+18
1.51638e+19
1.55053e+19
3.69809e+18
6.72356e+18
3.69809e+18
6.72356e+18
3.69809e+18
6.72356e+18
3.69809e+18
6.72356e+18
3.69809e+18
3.69809e+18
6.72356e+18
6.72356e+18
3.69809e+18
6.72356e+18
3.69809e+18
6.72356e+18
3.69809e+18
3.69809e+18
6.72356e+18
6.72356e+18
3.69809e+18
6.72356e+18
3.69809e+18
6.72356e+18
3.69809e+18
6.72356e+18
3.69809e+18
6.72356e+18
3.69809e+18
6.72356e+18
3.69809e+18
6.72356e+18
3.69809e+18
6.72356e+18
3.69809e+18
6.72356e+18
3.69809e+18
6.72356e+18
3.69809e+18
6.72356e+18
3.69809e+18
6.72356e+18
done


Running command iteration 10...
6.39445e+18
1.7436e+19
1.7192e+19
1.32654e+19
1.80253e+19
1.32654e+19
1.80253e+19
1.32654e+19
1.80253e+19
1.80253e+19
1.80253e+19
1.32654e+19
1.80253e+19
1.80253e+19
1.32654e+19
1.80253e+19
1.80253e+19
1.80253e+19
1.80253e+19
1.32654e+19
1.7436e+191.80253e+19

1.32654e+19
1.7436e+19
1.7436e+19
1.32654e+19
1.7436e+19
1.7436e+19
1.32654e+19
1.7436e+19
1.32654e+19
1.7436e+19
1.32654e+19
1.7436e+19
1.32654e+19
1.7436e+19
1.32654e+19
1.7436e+19
1.32654e+19
1.7436e+19
1.32654e+19
1.32654e+19
1.7436e+19
1.7436e+19
1.32654e+19
done


Running command iteration 11...
2.763e+18
7.36909e+18
1.6174e+19
1.6174e+19
1.6174e+19
6.36886e+18
1.50306e+19
1.6174e+19
1.6174e+19
1.50306e+19
1.6174e+19
1.50306e+19
1.6174e+19
1.50306e+19
1.50306e+19
1.6174e+19
1.50306e+19
1.50306e+19
7.36909e+18
1.6174e+19
1.50306e+19
1.50306e+19
1.6174e+19
1.50306e+19
1.50306e+19
1.50306e+19
1.6174e+19
1.50306e+19
1.6174e+19
1.50306e+19
1.6174e+19
1.50306e+19
1.50306e+19
1.6174e+19
1.50306e+19
1.6174e+19
1.50306e+19
1.6174e+19
1.50306e+19
1.50306e+19
1.6174e+19
1.6174e+19
1.50306e+19
1.6174e+19
1.6174e+19
done


Running command iteration 12...
1.23189e+19
1.56964e+19
6.48094e+18
1.061e+19
1.52351e+19
1.061e+19
1.52351e+19
1.061e+19
1.52351e+19
1.061e+19
1.52351e+19
1.52351e+19
1.52351e+19
1.061e+19
1.52351e+19
1.061e+19
1.52351e+19
1.061e+19
1.061e+19
1.52351e+19
1.061e+19
1.061e+19
1.52351e+19
1.061e+19
1.52351e+19
1.061e+19
1.061e+19
1.52351e+19
1.061e+19
1.061e+19
1.52351e+19
1.061e+19
1.52351e+19
1.52351e+19
1.061e+19
1.061e+19
1.52351e+19
1.061e+19
1.061e+19
1.52351e+19
1.061e+19
1.061e+19
1.52351e+19
1.061e+19
1.061e+19
done


Running command iteration 13...
4.39478e+18
5.40444e+17
1.46897e+19
1.41986e+19
1.41986e+19
4.3186e+18
1.41986e+19
1.41986e+19
4.3186e+18
1.41986e+19
4.3186e+18
1.41986e+19
1.41986e+19
4.3186e+18
1.41986e+19
1.41986e+19
4.3186e+18
1.41986e+19
5.40444e+17
1.41986e+19
5.40444e+17
1.41986e+19
1.41986e+19
5.40444e+17
1.41986e+19
1.41986e+19
1.41986e+19
5.40444e+17
1.41986e+19
1.41986e+19
5.40444e+17
1.41986e+19
5.40444e+17
1.41986e+19
1.41986e+19
1.41986e+19
5.40444e+17
1.41986e+19
5.40444e+17
5.40444e+17
1.41986e+19
5.40444e+17
5.40444e+17
1.41986e+19
1.41986e+19
done


Running command iteration 14...
1.66683e+19
1.70552e+19
1.59545e+19
7.23175e+18
7.23175e+18
7.23175e+18
7.23175e+18
7.23175e+18
1.64909e+19
7.23175e+18
7.23175e+18
1.64909e+19
1.64909e+19
7.23175e+18
1.64909e+19
7.23175e+18
7.23175e+18
1.64909e+19
7.23175e+18
1.64909e+19
1.64909e+19
7.23175e+18
1.64909e+19
7.23175e+18
1.64909e+19
7.23175e+18
1.64909e+19
7.23175e+18
1.64909e+19
7.23175e+18
1.64909e+19
7.23175e+18
1.64909e+19
7.23175e+18
1.64909e+19
1.64909e+19
7.23175e+18
1.64909e+19
7.23175e+18
1.64909e+19
7.23175e+18
1.64909e+19
7.23175e+18
1.64909e+19
7.23175e+18
done


Running command iteration 15...
1.32066e+19
1.08473e+19
1.41137e+19
1.82324e+19
1.7289e+19
1.82324e+19
1.7289e+19
1.7289e+19
1.82324e+19
1.7289e+19
1.82324e+19
1.7289e+19
1.82324e+19
1.7289e+19
1.82324e+19
1.7289e+19
1.82324e+19
1.7289e+19
1.7289e+19
1.82324e+19
1.82324e+19
1.7289e+19
1.82324e+19
1.7289e+19
1.7289e+19
1.82324e+19
1.7289e+19
1.82324e+19
1.7289e+19
1.7289e+19
1.82324e+19
1.7289e+19
1.7289e+19
1.82324e+19
1.7289e+19
1.7289e+19
1.82324e+19
1.7289e+19
1.82324e+19
1.7289e+19
1.82324e+19
1.7289e+19
1.82324e+19
1.7289e+19
1.82324e+19
done


Running command iteration 16...
1.67996e+19
3.52822e+18
1.77937e+18
1.66696e+19
1.66696e+19
1.66696e+19
7.70937e+17
1.66696e+19
7.70937e+17
1.66696e+19
7.70937e+17
1.66696e+19
7.70937e+17
7.70937e+17
1.66696e+19
1.66696e+19
7.70937e+17
3.52822e+18
1.66696e+19
3.52822e+18
7.70937e+17
3.52822e+18
1.66696e+19
3.52822e+18
1.66696e+19
3.52822e+18
3.52822e+18
1.66696e+19
3.52822e+18
3.52822e+18
1.66696e+19
3.52822e+18
1.66696e+19
3.52822e+18
1.66696e+19
3.52822e+18
3.52822e+18
1.66696e+19
3.52822e+18
1.66696e+19
3.52822e+18
3.52822e+18
1.66696e+19
3.52822e+18
1.66696e+19
done


Running command iteration 17...
8.24665e+17
3.70282e+18
1.04083e+19
6.12297e+18
6.12297e+18
8.7038e+17
6.12297e+18
8.7038e+17
6.12297e+18
6.12297e+18
8.7038e+17
6.12297e+18
6.12297e+18
8.7038e+17
6.12297e+18
8.7038e+17
8.7038e+17
6.12297e+18
8.7038e+17
6.12297e+18
8.7038e+17
6.12297e+18
8.7038e+17
6.12297e+18
8.7038e+17
6.12297e+18
8.7038e+17
6.12297e+18
8.7038e+17
6.12297e+18
8.7038e+17
6.12297e+18
6.12297e+18
8.7038e+17
6.12297e+18
8.7038e+17
6.12297e+18
8.7038e+17
6.12297e+18
6.12297e+18
8.7038e+17
6.12297e+18
8.7038e+17
8.7038e+17
6.12297e+18
done


Running command iteration 18...
2.9226e+18
3.22325e+18
8.543e+18
4.04853e+18
4.04853e+18
2.18838e+18
8.543e+18
2.18838e+18
8.543e+18
2.18838e+18
2.18838e+18
8.543e+18
2.18838e+18
2.18838e+18
8.543e+18
2.18838e+18
3.22325e+18
2.18838e+18
8.543e+18
3.22325e+18
3.22325e+18
8.543e+18
3.22325e+18
3.22325e+18
8.543e+18
3.22325e+18
3.22325e+18
8.543e+18
3.22325e+18
3.22325e+18
8.543e+18
4.04853e+18
3.22325e+18
8.543e+18
3.22325e+18
3.22325e+18
8.543e+18
3.22325e+18
3.22325e+18
8.543e+18
3.22325e+18
8.543e+18
8.543e+18
3.22325e+18
8.543e+18
done


Running command iteration 19...
1.40626e+19
1.54185e+18
1.5569e+19
1.30396e+19
1.30396e+19
1.30396e+19
1.30396e+19
2.89223e+18
1.30396e+19
2.89223e+18
1.30396e+19
1.30396e+19
2.89223e+18
1.30396e+19
2.89223e+18
1.30396e+19
2.89223e+18
2.89223e+18
1.30396e+19
2.89223e+18
1.30396e+19
2.89223e+18
2.89223e+18
1.30396e+19
2.89223e+18
2.89223e+18
1.30396e+19
2.89223e+18
2.89223e+18
1.30396e+19
2.89223e+18
1.30396e+19
2.89223e+18
1.30396e+19
2.89223e+18
1.30396e+19
2.89223e+18
1.30396e+19
2.89223e+18
1.30396e+19
2.89223e+18
1.30396e+19
2.89223e+18
1.30396e+19
2.89223e+18
done


Running command iteration 20...
1.81194e+19
1.33486e+18
4.51594e+18
1.63075e+19
5.53058e+18
1.63075e+19
5.53058e+18
5.53058e+18
5.53058e+18
5.53058e+18
1.63075e+19
5.53058e+18
1.63075e+19
5.53058e+18
1.63075e+19
5.53058e+18
1.63075e+19
1.63075e+19
5.53058e+18
1.63075e+19
5.53058e+18
1.63075e+19
5.53058e+18
1.63075e+19
1.63075e+19
5.53058e+18
1.63075e+19
5.53058e+18
5.53058e+18
1.63075e+19
5.53058e+18
1.63075e+19
1.63075e+19
5.53058e+18
1.63075e+19
5.53058e+18
1.63075e+19
5.53058e+18
1.63075e+19
5.53058e+18
5.53058e+18
1.63075e+19
5.53058e+18
1.63075e+19
5.53058e+18
done


Running command iteration 21...
4.93125e+18
9.99259e+18
5.79391e+18
2.14449e+18
2.14449e+18
9.71502e+18
2.14449e+18
9.71502e+18
2.14449e+18
9.71502e+18
2.14449e+18
9.71502e+18
2.14449e+18
2.14449e+18
9.71502e+18
2.14449e+18
2.14449e+18
9.71502e+18
2.14449e+18
9.71502e+18
2.14449e+18
9.71502e+18
2.14449e+18
9.71502e+18
2.14449e+18
9.71502e+18
2.14449e+18
9.71502e+18
2.14449e+18
9.71502e+18
2.14449e+18
9.71502e+18
2.14449e+18
9.71502e+18
5.79391e+18
2.14449e+18
9.71502e+18
5.79391e+18
2.14449e+18
9.71502e+18
5.79391e+18
2.14449e+18
9.71502e+18
2.14449e+18
2.14449e+18
done


Running command iteration 22...
8.08295e+18
4.04072e+18
2.66217e+18
2.66217e+18
1.56647e+19
1.56647e+19
1.56647e+19
1.56647e+19
1.56647e+19
1.56647e+19
1.56647e+19
2.45381e+18
1.56647e+19
2.45381e+18
1.56647e+19
2.45381e+18
1.56647e+19
2.45381e+18
1.56647e+19
2.45381e+18
1.56647e+19
4.04072e+18
1.56647e+19
4.04072e+18
1.56647e+19
4.04072e+18
1.56647e+19
4.04072e+18
1.56647e+19
1.56647e+19
4.04072e+18
1.56647e+19
4.04072e+18
1.56647e+19
1.56647e+19
4.04072e+18
1.56647e+19
1.56647e+19
4.04072e+18
1.56647e+19
1.56647e+19
4.04072e+18
1.56647e+19
4.04072e+18
1.56647e+19
done


Running command iteration 23...
1.64526e+19
1.17407e+19
9.41192e+18
1.59832e+19
9.94039e+18
1.59832e+19
9.94039e+18
1.59832e+19
9.94039e+18
1.59832e+19
9.94039e+18
1.59832e+19
9.94039e+18
1.59832e+19
9.94039e+18
1.59832e+19
9.94039e+18
9.94039e+18
1.59832e+19
9.94039e+18
1.59832e+19
9.94039e+18
1.59832e+19
1.59832e+19
9.94039e+18
1.59832e+19
9.94039e+18
1.59832e+19
9.94039e+18
1.59832e+19
1.59832e+19
9.94039e+18
1.59832e+19
1.59832e+19
9.94039e+18
1.59832e+19
1.59832e+19
9.94039e+18
9.94039e+18
1.59832e+19
9.94039e+18
1.17407e+19
1.59832e+19
9.94039e+18
1.17407e+19
done


Running command iteration 24...
3.72673e+18
1.30776e+19
5.59875e+18
1.75727e+19
1.32206e+19
1.32206e+19
1.75727e+19
1.32206e+19
1.75727e+19
1.32206e+19
1.75727e+19
1.32206e+19
1.75727e+19
1.32206e+19
1.75727e+19
1.32206e+19
1.75727e+19
1.32206e+19
1.75727e+19
1.32206e+19
1.75727e+19
1.32206e+19
1.32206e+19
1.75727e+19
1.75727e+19
1.32206e+19
1.75727e+19
1.32206e+19
1.75727e+19
1.32206e+19
1.32206e+19
1.75727e+19
1.32206e+19
1.75727e+19
1.75727e+19
1.32206e+19
1.75727e+19
1.32206e+19
1.75727e+19
1.32206e+19
1.32206e+19
1.75727e+19
1.75727e+19
1.32206e+19
1.75727e+19
done


Running command iteration 25...
9.63099e+17
4.77218e+17
1.36142e+19
1.3957e+19
1.76447e+19
1.3957e+19
1.3957e+19
1.76447e+19
1.3957e+19
1.3957e+19
1.76447e+19
1.3957e+19
1.76447e+19
1.3957e+19
4.77218e+17
1.3957e+19
4.77218e+17
4.77218e+17
1.3957e+19
4.77218e+17
1.3957e+19
1.3957e+19
4.77218e+17
1.3957e+19
4.77218e+17
1.3957e+19
1.3957e+19
4.77218e+17
4.77218e+17
1.3957e+19
4.77218e+17
1.3957e+19
4.77218e+17
4.77218e+17
1.3957e+19
4.77218e+17
4.77218e+17
1.3957e+19
1.36142e+19
4.77218e+17
1.3957e+19
1.36142e+19
4.77218e+17
1.3957e+19
1.36142e+19
done


Running command iteration 26...
2.24377e+18
1.45096e+19
5.79414e+18
1.65864e+19
1.65864e+19
1.57736e+19
1.65864e+19
1.65864e+19
1.57736e+19
1.65864e+19
1.65864e+19
1.57736e+19
1.65864e+19
1.65864e+19
1.57736e+19
1.65864e+19
1.57736e+19
1.65864e+19
1.65864e+19
1.57736e+19
1.65864e+19
1.65864e+19
1.57736e+19
1.65864e+19
1.65864e+19
1.65864e+19
1.57736e+19
1.65864e+19
1.65864e+19
1.57736e+19
1.65864e+19
1.57736e+19
1.65864e+19
1.57736e+19
1.65864e+19
1.65864e+19
1.57736e+19
1.57736e+19
1.57736e+19
1.65864e+19
1.45096e+19
1.57736e+19
1.57736e+19
1.45096e+19
1.65864e+19
done


Running command iteration 27...
1.49879e+18
2.27797e+18
1.18818e+19
6.67651e+18
6.67651e+18
8.07732e+17
6.67651e+18
8.07732e+17
8.07732e+17
6.67651e+18
8.07732e+17
6.67651e+18
8.07732e+17
6.67651e+18
8.07732e+17
6.67651e+18
8.07732e+17
6.67651e+18
8.07732e+17
6.67651e+18
8.07732e+17
6.67651e+18
8.07732e+17
6.67651e+18
8.07732e+17
6.67651e+18
8.07732e+17
8.07732e+17
6.67651e+18
6.67651e+18
8.07732e+17
6.67651e+18
8.07732e+17
6.67651e+18
8.07732e+17
6.67651e+18
6.67651e+18
8.07732e+17
6.67651e+18
8.07732e+17
6.67651e+18
8.07732e+17
8.07732e+17
6.67651e+18
8.07732e+17
done


Running command iteration 28...
1.45949e+18
6.59708e+18
6.73253e+17
9.19748e+18
3.87745e+18
3.87745e+18
9.19748e+18
3.87745e+18
9.19748e+18
3.87745e+18
3.87745e+18
9.19748e+18
3.87745e+18
9.19748e+18
3.87745e+18
3.87745e+18
9.19748e+18
3.87745e+18
3.87745e+18
9.19748e+18
3.87745e+18
3.87745e+18
9.19748e+18
3.87745e+18
9.19748e+18
3.87745e+18
3.87745e+18
9.19748e+18
3.87745e+18
3.87745e+18
9.19748e+18
3.87745e+18
3.87745e+18
9.19748e+18
3.87745e+18
6.59708e+18
3.87745e+18
6.59708e+18
3.87745e+18
6.59708e+18
6.59708e+18
3.87745e+18
6.59708e+18
3.87745e+18
6.59708e+18
done


Running command iteration 29...
2.31335e+18
1.66663e+19
8.73818e+18
1.39797e+19
1.39797e+19
1.71592e+19
1.39797e+19
1.71592e+19
1.39797e+19
1.71592e+19
1.71592e+19
1.39797e+19
1.71592e+19
1.71592e+19
1.39797e+19
1.71592e+19
1.39797e+19
1.71592e+19
1.66663e+19
1.39797e+19
1.66663e+19
1.71592e+19
1.39797e+19
1.71592e+19
1.71592e+191.39797e+19

1.71592e+19
1.39797e+19
1.71592e+19
1.71592e+19
1.39797e+19
1.71592e+19
1.71592e+19
1.39797e+19
8.73818e+18
1.71592e+19
8.73818e+18
1.71592e+19
8.73818e+18
1.71592e+19
8.73818e+18
1.71592e+19
8.73818e+18
1.71592e+19
8.73818e+18
done


Running command iteration 30...
1.37654e+19
1.72985e+19
1.59592e+19
1.26345e+19
1.26345e+19
1.42672e+19
1.26345e+19
1.42672e+19
1.26345e+19
1.42672e+19
1.26345e+19
1.42672e+19
1.26345e+19
1.42672e+19
1.26345e+19
1.42672e+19
1.26345e+19
1.42672e+19
1.26345e+19
1.42672e+19
1.26345e+19
1.42672e+19
1.26345e+19
1.42672e+19
1.26345e+19
1.42672e+19
1.26345e+19
1.42672e+19
1.26345e+19
1.42672e+19
1.26345e+19
1.42672e+19
1.26345e+19
1.42672e+19
1.26345e+19
1.42672e+19
1.26345e+19
1.42672e+19
1.26345e+19
1.42672e+19
1.26345e+19
1.42672e+19
1.26345e+19
1.42672e+19
1.26345e+19
done


Running command iteration 31...
8.3939e+18
1.43796e+18
1.01259e+19
1.37547e+19
1.69209e+19
1.37547e+19
1.69209e+19
1.37547e+19
1.69209e+19
1.37547e+19
1.69209e+19
1.69209e+19
1.37547e+19
1.69209e+19
1.69209e+19
1.69209e+19
1.37547e+19
1.69209e+19
1.37547e+19
1.69209e+19
1.37547e+19
1.69209e+19
1.37547e+19
1.69209e+19
1.37547e+19
1.69209e+19
1.37547e+19
1.37547e+19
1.69209e+19
1.37547e+19
1.37547e+19
1.69209e+19
1.37547e+19
1.69209e+19
1.37547e+19
1.37547e+19
1.69209e+19
1.37547e+19
1.37547e+19
1.69209e+19
1.69209e+19
1.69209e+19
1.69209e+19
1.37547e+19
1.69209e+19
done


Running command iteration 32...
9.60969e+18
2.64428e+18
1.27098e+19
1.57738e+19
1.74921e+19
1.57738e+19
1.74921e+19
1.57738e+19
1.74921e+19
1.57738e+19
1.74921e+19
1.57738e+19
1.74921e+19
1.57738e+19
1.74921e+19
1.57738e+19
1.74921e+19
1.57738e+19
1.74921e+19
1.57738e+19
1.57738e+19
1.74921e+19
1.57738e+19
1.57738e+19
1.74921e+19
1.57738e+19
1.74921e+19
1.57738e+19
1.74921e+19
1.57738e+19
1.74921e+19
1.57738e+19
1.57738e+19
1.74921e+19
1.57738e+19
1.74921e+19
1.57738e+19
1.57738e+19
1.74921e+19
1.57738e+19
2.64428e+18
1.74921e+19
1.57738e+19
2.64428e+18
1.74921e+19
done


Running command iteration 33...
1.23589e+19
9.36286e+18
1.25441e+18
1.67389e+19
1.51522e+19
1.67389e+19
1.51522e+19
1.67389e+19
1.67389e+19
1.51522e+19
1.67389e+19
1.67389e+19
1.67389e+19
1.51522e+19
1.67389e+19
1.51522e+19
1.67389e+19
1.51522e+19
1.67389e+19
1.67389e+19
9.36286e+18
1.67389e+19
1.51522e+19
1.67389e+19
1.67389e+19
1.51522e+19
1.67389e+19
1.51522e+19
1.67389e+19
1.51522e+19
1.67389e+19
1.67389e+19
1.51522e+19
1.67389e+19
1.67389e+19
1.51522e+19
1.67389e+19
1.67389e+19
1.67389e+19
1.51522e+19
1.51522e+19
1.67389e+19
1.51522e+19
1.25441e+18
1.51522e+19
done


Running command iteration 34...
1.13785e+19
5.01237e+18
1.04517e+19
9.42014e+18
9.42014e+18
9.42014e+18
1.02559e+19
9.42014e+18
9.42014e+18
1.02559e+19
9.42014e+18
1.02559e+19
9.42014e+18
1.02559e+19
9.42014e+18
1.02559e+19
9.42014e+18
9.42014e+18
1.02559e+19
1.02559e+19
9.42014e+18
1.02559e+19
9.42014e+18
1.02559e+19
9.42014e+18
1.02559e+19
1.02559e+19
9.42014e+18
1.02559e+19
9.42014e+18
1.02559e+19
9.42014e+18
1.02559e+19
1.02559e+19
9.42014e+18
1.02559e+19
9.42014e+18
1.02559e+19
9.42014e+18
1.02559e+19
9.42014e+18
9.42014e+18
1.02559e+19
5.01237e+18
1.02559e+19
done


Running command iteration 35...
1.15635e+19
1.24193e+18
1.09789e+19
1.81934e+18
1.35405e+18
1.81934e+18
1.35405e+18
1.81934e+18
1.35405e+18
1.81934e+18
1.35405e+18
1.81934e+18
1.35405e+18
1.81934e+18
1.35405e+18
1.81934e+18
1.35405e+18
1.81934e+18
1.35405e+18
1.35405e+18
1.81934e+18
1.35405e+18
1.81934e+18
1.35405e+18
1.35405e+18
1.35405e+18
1.81934e+18
1.35405e+18
1.81934e+18
1.35405e+18
1.35405e+18
1.81934e+18
1.35405e+18
1.81934e+18
1.35405e+18
1.35405e+18
1.81934e+18
1.35405e+18
1.81934e+18
1.35405e+18
1.81934e+18
1.81934e+18
1.09789e+19
1.35405e+18
1.81934e+18
done


Running command iteration 36...
4.82025e+18
1.41302e+19
1.23111e+19
4.79163e+18
4.79163e+18
4.79163e+18
3.45393e+18
4.79163e+18
3.45393e+18
4.79163e+18
3.45393e+18
4.79163e+18
3.45393e+18
4.79163e+18
3.45393e+18
4.79163e+18
3.45393e+18
4.79163e+18
3.45393e+18
4.79163e+18
3.45393e+18
3.45393e+18
4.79163e+18
4.79163e+18
3.45393e+18
4.79163e+18
3.45393e+18
4.79163e+18
4.79163e+18
3.45393e+18
4.79163e+18
4.79163e+18
4.79163e+18
3.45393e+18
4.79163e+18
3.45393e+18
4.79163e+18
3.45393e+18
4.79163e+18
3.45393e+18
4.79163e+18
3.45393e+18
4.79163e+18
3.45393e+18
4.79163e+18
done


Running command iteration 37...
6.99612e+18
2.03917e+18
8.0081e+18
2.95727e+18
8.09694e+18
2.95727e+18
8.09694e+18
8.09694e+18
2.95727e+18
2.95727e+18
8.09694e+18
2.95727e+18
8.09694e+18
2.95727e+18
8.09694e+18
2.95727e+18
2.95727e+18
2.95727e+18
8.09694e+18
2.95727e+18
8.09694e+18
2.95727e+18
8.09694e+18
2.95727e+18
8.09694e+18
2.95727e+18
8.09694e+18
2.95727e+18
2.95727e+18
8.09694e+18
2.95727e+18
8.09694e+18
8.09694e+18
2.95727e+18
2.95727e+18
8.09694e+18
8.09694e+18
2.95727e+18
8.09694e+18
2.95727e+18
2.95727e+18
8.09694e+18
8.09694e+18
8.09694e+18
8.09694e+18
done


Running command iteration 38...
1.82313e+19
1.25024e+19
1.12457e+18
8.19176e+18
8.19176e+18
8.19176e+18
8.19176e+18
5.79808e+18
5.79808e+18
8.19176e+18
8.19176e+18
5.79808e+18
8.19176e+18
5.79808e+18
8.19176e+18
5.79808e+18
5.79808e+18
8.19176e+18
5.79808e+18
8.19176e+18
5.79808e+18
5.79808e+18
8.19176e+18
5.79808e+18
5.79808e+18
8.19176e+18
5.79808e+18
5.79808e+18
8.19176e+18
5.79808e+18
5.79808e+18
5.79808e+18
8.19176e+18
5.79808e+18
5.79808e+18
8.19176e+18
5.79808e+18
5.79808e+18
8.19176e+18
5.79808e+18
8.19176e+18
1.25024e+19
5.79808e+18
8.19176e+18
8.19176e+18
done


Running command iteration 39...
2.74414e+18
1.20421e+19
1.78691e+19
3.26716e+18
3.51699e+18
3.26716e+18
3.51699e+18
3.51699e+18
3.26716e+18
3.51699e+18
3.51699e+18
3.26716e+18
3.51699e+18
3.51699e+18
3.51699e+18
3.26716e+18
3.51699e+18
3.51699e+18
3.26716e+18
3.26716e+18
3.26716e+18
3.51699e+18
3.26716e+18
3.51699e+18
3.26716e+18
3.51699e+18
3.26716e+18
3.51699e+18
3.26716e+18
3.51699e+18
3.26716e+18
3.51699e+18
3.26716e+18
3.51699e+18
3.51699e+18
3.26716e+18
3.51699e+18
3.26716e+18
3.51699e+18
3.26716e+18
3.51699e+18
3.26716e+18
3.51699e+18
3.51699e+18
1.20421e+19
done


Running command iteration 40...
1.7944e+19
1.56987e+19
2.85119e+18
1.7254e+19
1.70994e+19
1.7254e+19
1.70994e+19
1.7254e+19
1.70994e+19
1.7254e+19
1.70994e+19
1.7254e+19
1.70994e+19
1.70994e+19
1.7254e+19
1.70994e+19
1.7254e+19
1.70994e+19
1.7254e+19
1.7254e+19
1.70994e+19
1.7254e+19
1.70994e+19
1.7254e+19
1.70994e+19
1.70994e+19
1.7254e+19
1.7254e+19
1.70994e+19
1.7254e+19
1.70994e+19
1.70994e+19
1.7254e+19
1.7254e+19
1.70994e+19
1.7254e+19
1.70994e+19
1.7254e+19
1.70994e+19
1.7254e+19
1.70994e+19
1.70994e+19
1.7254e+19
1.70994e+19
1.7254e+19
done


Running command iteration 41...
7.18756e+18
1.69302e+19
1.46142e+18
1.19045e+19
1.19045e+19
1.10517e+19
1.19045e+19
1.19045e+19
1.10517e+19
1.19045e+19
1.10517e+19
1.19045e+19
1.10517e+19
1.19045e+19
1.10517e+19
1.10517e+19
1.19045e+19
1.19045e+19
1.10517e+19
1.19045e+19
1.10517e+19
1.19045e+19
1.10517e+19
1.19045e+19
1.10517e+19
1.10517e+19
1.19045e+19
1.19045e+19
1.10517e+19
1.19045e+19
1.19045e+19
1.10517e+19
1.19045e+19
1.10517e+19
1.19045e+19
1.10517e+19
1.19045e+19
1.19045e+19
1.10517e+19
1.10517e+19
1.69302e+19
1.19045e+19
1.10517e+19
1.69302e+19
1.19045e+19
done


Running command iteration 42...
1.56192e+19
1.55501e+19
5.60126e+18
5.83332e+18
5.83332e+18
1.55812e+19
5.83332e+18
1.55812e+19
5.83332e+18
1.55812e+19
5.83332e+18
1.55812e+19
5.83332e+18
1.55812e+19
5.83332e+18
1.55812e+19
5.83332e+18
1.55812e+19
5.83332e+18
1.55812e+19
5.83332e+18
1.55812e+19
1.55812e+19
5.83332e+18
1.55812e+19
5.83332e+18
1.55812e+19
5.83332e+18
1.55812e+19
5.83332e+18
5.83332e+18
1.55812e+19
5.83332e+18
1.55812e+19
5.83332e+18
1.55812e+19
1.55501e+19
1.55812e+19
1.55501e+19
1.55812e+19
1.55812e+19
1.55501e+19
1.55812e+19
1.55812e+19
1.55501e+19
done


Running command iteration 43...
1.69855e+19
7.88158e+16
8.05938e+18
1.50038e+19
1.49087e+19
1.50038e+19
1.49087e+19
1.50038e+19
1.49087e+19
1.50038e+19
1.49087e+19
1.50038e+19
1.49087e+19
1.49087e+19
1.50038e+19
1.49087e+19
1.50038e+19
1.49087e+19
1.50038e+19
1.49087e+19
1.50038e+19
1.49087e+19
1.50038e+19
1.49087e+19
1.50038e+19
1.49087e+19
1.50038e+19
1.49087e+19
1.50038e+19
1.49087e+19
1.50038e+19
1.49087e+19
1.50038e+19
1.49087e+19
1.50038e+19
1.49087e+19
1.50038e+19
1.49087e+19
1.50038e+19
1.49087e+19
1.50038e+19
1.49087e+19
1.50038e+19
1.49087e+19
1.50038e+19
done


Running command iteration 44...
1.74354e+19
7.3453e+18
3.39399e+18
5.80502e+18
5.80502e+18
1.7223e+19
5.80502e+18
5.80502e+18
5.80502e+18
1.7223e+19
5.80502e+18
5.80502e+18
1.7223e+19
5.80502e+18
5.80502e+18
1.7223e+19
5.80502e+18
5.80502e+18
1.7223e+19
5.80502e+18
1.7223e+19
5.80502e+18
5.80502e+18
1.7223e+19
5.80502e+18
5.80502e+18
1.7223e+19
5.80502e+18
1.7223e+19
5.80502e+18
5.80502e+18
1.7223e+19
5.80502e+18
1.7223e+19
5.80502e+18
1.7223e+19
5.80502e+18
5.80502e+18
1.7223e+19
5.80502e+18
5.80502e+18
1.7223e+19
1.7223e+19
1.7223e+19
5.80502e+18
done


Running command iteration 45...
3.76766e+18
2.25261e+17
4.25586e+18
1.84064e+19
3.26051e+18
1.84064e+19
1.84064e+19
3.26051e+18
1.84064e+19
1.84064e+19
1.84064e+19
3.26051e+18
1.84064e+19
3.26051e+18
1.84064e+19
3.26051e+18
1.84064e+19
1.84064e+19
3.26051e+18
1.84064e+19
1.84064e+19
3.26051e+18
1.84064e+19
3.26051e+18
1.84064e+19
3.26051e+18
1.84064e+19
1.84064e+19
3.26051e+18
1.84064e+19
3.26051e+18
3.26051e+18
1.84064e+19
1.84064e+19
3.26051e+18
3.26051e+18
1.84064e+19
3.26051e+18
1.84064e+19
3.26051e+18
1.84064e+19
3.26051e+18
1.84064e+19
3.26051e+18
1.84064e+19
done


Running command iteration 46...
2.60209e+18
3.65676e+17
1.84436e+19
1.71445e+19
5.75652e+18
1.71445e+19
5.75652e+18
1.71445e+19
5.75652e+18
1.71445e+19
5.75652e+18
1.71445e+19
5.75652e+18
5.75652e+18
1.71445e+19
5.75652e+18
1.71445e+19
5.75652e+18
1.71445e+19
5.75652e+18
1.71445e+19
5.75652e+18
1.71445e+19
1.71445e+19
1.71445e+19
5.75652e+18
1.71445e+19
5.75652e+18
1.71445e+19
5.75652e+18
1.71445e+19
1.71445e+19
5.75652e+18
1.71445e+19
5.75652e+18
1.71445e+19
5.75652e+18
1.71445e+19
1.84436e+19
5.75652e+18
1.71445e+19
1.84436e+19
5.75652e+18
1.71445e+19
1.84436e+19
done


Running command iteration 47...
2.68585e+18
1.25571e+19
1.50886e+19
1.20921e+19
1.38425e+19
1.20921e+19
1.20921e+19
1.38425e+19
1.20921e+19
1.20921e+19
1.38425e+19
1.20921e+19
1.20921e+19
1.38425e+19
1.20921e+19
1.38425e+19
1.20921e+19
1.38425e+19
1.20921e+19
1.20921e+19
1.38425e+19
1.20921e+19
1.38425e+19
1.20921e+19
1.20921e+19
1.20921e+19
1.20921e+19
1.38425e+19
1.20921e+19
1.38425e+19
1.20921e+19
1.38425e+19
1.20921e+19
1.38425e+19
1.20921e+19
1.38425e+19
1.20921e+19
1.38425e+19
1.20921e+19
1.38425e+19
1.20921e+19
1.25571e+19
1.20921e+19
1.25571e+19
1.20921e+19
done


Running command iteration 48...
3.74117e+18
1.37565e+19
1.14122e+19
1.14122e+19
1.72267e+19
1.72267e+19
1.80486e+19
1.72267e+19
1.80486e+19
1.72267e+19
1.80486e+19
1.80486e+19
1.72267e+19
1.72267e+19
1.80486e+19
1.80486e+19
1.72267e+19
1.72267e+19
1.80486e+19
1.72267e+19
1.80486e+19
1.72267e+19
1.72267e+19
1.80486e+19
1.72267e+19
1.80486e+19
1.80486e+19
1.72267e+19
1.80486e+19
1.80486e+19
1.72267e+19
1.80486e+19
1.72267e+19
1.72267e+19
1.72267e+19
1.80486e+19
1.72267e+19
1.80486e+19
1.80486e+19
1.72267e+19
1.80486e+19
1.80486e+19
1.80486e+19
1.80486e+19
1.72267e+19
done


Running command iteration 49...
1.75989e+19
9.84226e+18
7.90935e+18
1.59226e+19
5.25058e+18
1.59226e+19
5.25058e+18
1.59226e+19
5.25058e+18
1.59226e+19
5.25058e+18
1.59226e+19
5.25058e+18
1.59226e+19
5.25058e+18
1.59226e+19
5.25058e+18
1.59226e+19
5.25058e+18
1.59226e+19
5.25058e+18
1.59226e+19
5.25058e+18
1.59226e+19
5.25058e+18
1.59226e+19
5.25058e+18
1.59226e+19
5.25058e+18
5.25058e+18
1.59226e+19
5.25058e+18
5.25058e+18
5.25058e+18
1.59226e+19
5.25058e+18
1.59226e+19
5.25058e+18
1.59226e+19
5.25058e+18
1.59226e+19
5.25058e+18
1.59226e+19
5.25058e+18
1.59226e+19
done


Running command iteration 50...
9.6764e+18
6.97093e+18
6.37467e+18
8.58948e+18
1.07498e+19
8.58948e+18
1.07498e+19
8.58948e+18
1.07498e+19
8.58948e+18
1.07498e+19
8.58948e+18
1.07498e+19
8.58948e+18
1.07498e+19
8.58948e+18
1.07498e+19
1.07498e+19
8.58948e+18
1.07498e+19
8.58948e+18
1.07498e+19
8.58948e+18
1.07498e+19
8.58948e+18
1.07498e+19
8.58948e+18
1.07498e+19
8.58948e+18
1.07498e+19
8.58948e+18
1.07498e+19
8.58948e+18
1.07498e+19
8.58948e+18
1.07498e+19
8.58948e+18
1.07498e+19
8.58948e+18
1.07498e+19
8.58948e+18
1.07498e+19
8.58948e+18
8.58948e+18
1.07498e+19
done


Running command iteration 51...
1.67441e+19
1.45039e+19
1.23543e+18
1.89947e+17
1.89947e+17
1.89947e+17
1.89947e+17
1.89947e+17
8.0937e+181.89947e+17

1.89947e+17
8.0937e+18
1.89947e+17
8.0937e+18
1.89947e+17
1.89947e+17
8.0937e+18
1.89947e+17
8.0937e+18
1.89947e+17
8.0937e+18
1.89947e+17
8.0937e+18
1.89947e+17
8.0937e+18
1.89947e+17
1.89947e+17
8.0937e+18
1.89947e+17
8.0937e+18
1.89947e+17
1.89947e+17
8.0937e+18
8.0937e+18
1.89947e+17
8.0937e+18
1.89947e+17
8.0937e+18
1.89947e+17
8.0937e+18
1.89947e+17
8.0937e+18
1.89947e+17
1.89947e+17
1.89947e+17
done


Running command iteration 52...
1.70472e+19
3.56124e+18
9.56825e+18
6.73252e+18
1.0821e+19
6.73252e+18
6.73252e+18
1.0821e+19
6.73252e+18
6.73252e+18
6.73252e+18
1.0821e+19
6.73252e+18
1.0821e+19
6.73252e+18
6.73252e+18
1.0821e+19
6.73252e+18
1.0821e+19
6.73252e+18
1.0821e+19
6.73252e+18
1.0821e+19
6.73252e+18
6.73252e+18
6.73252e+18
6.73252e+18
1.0821e+19
6.73252e+18
6.73252e+18
1.0821e+19
6.73252e+18
6.73252e+18
1.0821e+19
6.73252e+18
6.73252e+18
1.0821e+19
6.73252e+18
1.0821e+19
6.73252e+18
1.0821e+19
6.73252e+18
1.0821e+19
6.73252e+18
1.0821e+19
done


Running command iteration 53...
7.25235e+18
3.47852e+18
8.06916e+16
1.21045e+19
1.21045e+19
1.21045e+19
1.21045e+19
1.29994e+18
1.21045e+19
1.29994e+18
1.29994e+18
1.21045e+19
1.29994e+18
1.21045e+19
1.29994e+18
1.21045e+19
1.29994e+18
1.21045e+19
1.29994e+18
1.21045e+19
1.21045e+19
1.21045e+19
1.21045e+19
1.29994e+18
1.21045e+19
1.21045e+19
1.29994e+18
1.21045e+19
1.21045e+19
1.29994e+18
1.21045e+19
1.21045e+19
1.29994e+18
1.21045e+19
1.21045e+19
1.29994e+18
1.21045e+19
1.21045e+19
1.29994e+18
1.21045e+19
1.21045e+19
1.29994e+18
1.21045e+19
1.29994e+18
1.21045e+19
done


Running command iteration 54...
1.73073e+19
3.58153e+18
1.32042e+19
3.23273e+18
3.23273e+18
1.17986e+18
1.17986e+18
3.23273e+18
1.17986e+18
1.17986e+18
3.23273e+18
1.17986e+18
1.17986e+18
1.17986e+18
1.17986e+18
3.23273e+18
1.17986e+18
3.23273e+18
1.17986e+18
3.23273e+18
1.17986e+18
3.23273e+18
1.17986e+18
3.23273e+18
1.17986e+18
3.23273e+18
1.17986e+18
1.17986e+18
1.17986e+18
3.23273e+18
1.17986e+18
3.23273e+18
1.17986e+18
3.23273e+18
1.17986e+18
3.23273e+18
1.17986e+18
3.23273e+18
1.17986e+18
3.23273e+18
1.17986e+18
3.23273e+18
1.17986e+18
1.17986e+18
3.58153e+18
done


Running command iteration 55...
1.09691e+19
1.2601e+19
9.88e+18
1.44621e+19
4.82998e+18
4.82998e+18
4.82998e+18
4.82998e+18
4.82998e+18
1.44621e+19
4.82998e+18
4.82998e+18
1.44621e+19
1.44621e+19
4.82998e+18
1.44621e+19
1.44621e+19
4.82998e+18
1.44621e+19
1.44621e+19
4.82998e+18
1.44621e+19
1.44621e+19
4.82998e+18
1.44621e+19
1.44621e+19
4.82998e+18
1.44621e+19
4.82998e+18
1.44621e+19
4.82998e+18
1.44621e+19
4.82998e+18
1.44621e+19
4.82998e+18
1.44621e+19
4.82998e+18
1.44621e+19
4.82998e+18
1.44621e+19
4.82998e+18
1.44621e+19
4.82998e+18
4.82998e+18
1.2601e+19
done


Running command iteration 56...
1.47734e+19
2.30442e+17
9.48848e+18
1.34592e+19
1.34592e+19
1.34592e+19
7.65223e+18
1.34592e+19
7.65223e+18
7.65223e+18
7.65223e+18
1.34592e+19
7.65223e+18
1.34592e+19
7.65223e+18
1.34592e+19
7.65223e+18
7.65223e+18
1.34592e+19
7.65223e+18
1.34592e+19
7.65223e+18
1.34592e+19
7.65223e+18
1.34592e+19
7.65223e+18
1.34592e+19
1.34592e+19
7.65223e+18
1.34592e+19
7.65223e+18
7.65223e+18
7.65223e+18
1.34592e+19
7.65223e+18
1.34592e+19
7.65223e+18
7.65223e+18
1.34592e+19
7.65223e+18
1.34592e+19
7.65223e+18
1.34592e+19
7.65223e+18
1.34592e+19
done


Running command iteration 57...
8.56747e+18
5.60554e+18
9.84929e+18
1.3143e+19
1.46381e+19
1.3143e+19
1.46381e+19
1.46381e+19
1.3143e+19
1.46381e+19
1.46381e+19
1.3143e+19
1.46381e+19
1.46381e+19
1.3143e+19
1.46381e+19
1.46381e+19
1.3143e+19
1.46381e+19
1.46381e+19
1.3143e+19
1.46381e+19
1.46381e+19
1.3143e+19
1.46381e+19
1.46381e+19
1.3143e+19
1.46381e+19
1.46381e+19
1.3143e+19
1.46381e+19
1.46381e+19
1.3143e+19
1.46381e+19
1.46381e+19
1.3143e+19
1.46381e+19
1.46381e+19
1.3143e+19
1.46381e+19
1.46381e+191.3143e+19

1.46381e+19
1.3143e+19
1.46381e+19
done


Running command iteration 58...
8.35736e+18
5.97537e+18
1.46524e+19
7.37594e+18
1.15599e+19
7.37594e+18
1.15599e+19
7.37594e+18
1.15599e+19
7.37594e+18
1.15599e+19
7.37594e+18
1.15599e+19
7.37594e+18
1.15599e+19
7.37594e+18
1.15599e+19
7.37594e+18
7.37594e+18
1.15599e+19
7.37594e+18
1.15599e+19
7.37594e+18
1.15599e+19
7.37594e+18
1.15599e+19
7.37594e+18
1.15599e+19
7.37594e+18
1.15599e+19
5.97537e+18
7.37594e+18
5.97537e+18
1.15599e+19
7.37594e+18
5.97537e+18
7.37594e+18
5.97537e+18
1.15599e+19
5.97537e+18
1.15599e+19
5.97537e+18
5.97537e+18
1.15599e+19
1.15599e+19
done


Running command iteration 59...
1.72498e+19
1.4349e+19
7.83105e+18
6.8133e+18
6.8133e+18
6.8133e+18
6.8133e+18
1.79789e+17
6.8133e+18
1.79789e+17
6.8133e+18
1.79789e+17
6.8133e+18
1.79789e+17
1.79789e+17
6.8133e+18
1.79789e+17
6.8133e+18
1.79789e+17
6.8133e+18
1.79789e+17
6.8133e+18
1.79789e+17
6.8133e+18
1.79789e+17
6.8133e+18
1.79789e+17
6.8133e+18
1.79789e+17
6.8133e+18
1.79789e+17
6.8133e+18
1.79789e+17
6.8133e+18
1.79789e+17
6.8133e+18
1.79789e+17
6.8133e+18
6.8133e+18
1.79789e+17
6.8133e+18
1.79789e+17
6.8133e+18
1.79789e+17
6.8133e+18
done


Running command iteration 60...
1.79609e+18
6.33508e+18
1.35691e+19
1.80792e+19
1.67531e+19
1.80792e+19
1.67531e+19
1.80792e+19
1.67531e+19
1.80792e+19
1.67531e+19
1.80792e+19
1.67531e+19
1.80792e+19
1.67531e+19
1.80792e+19
1.67531e+19
1.67531e+19
1.67531e+19
1.80792e+19
1.67531e+19
1.80792e+19
1.67531e+19
1.80792e+19
1.67531e+19
1.80792e+19
1.67531e+19
1.80792e+19
1.67531e+19
1.80792e+19
1.80792e+19
1.67531e+19
1.67531e+19
1.80792e+19
1.67531e+19
1.80792e+19
1.67531e+19
1.80792e+19
1.67531e+19
1.80792e+19
1.67531e+19
1.80792e+19
1.80792e+19
1.67531e+19
1.80792e+19
done


Running command iteration 61...
8.02162e+18
8.75317e+18
1.37709e+19
5.92403e+18
1.49515e+19
5.92403e+18
1.49515e+19
5.92403e+18
1.49515e+19
5.92403e+18
1.49515e+19
5.92403e+18
8.75317e+18
1.49515e+19
8.75317e+18
5.92403e+18
1.49515e+19
8.75317e+18
8.75317e+18
8.75317e+18
8.75317e+18
1.49515e+19
8.75317e+18
8.75317e+18
1.49515e+19
8.75317e+18
8.75317e+18
1.49515e+19
8.75317e+18
1.49515e+19
8.75317e+18
8.75317e+18
1.49515e+19
8.75317e+18
8.75317e+18
8.75317e+18
1.49515e+19
8.75317e+18
1.49515e+19
8.75317e+18
1.49515e+19
8.75317e+18
1.49515e+19
8.75317e+18
1.49515e+19
done


Running command iteration 62...
4.35053e+18
1.44417e+19
1.14005e+19
1.14005e+19
9.24116e+18
9.24116e+18
7.86068e+18
1.14005e+19
7.86068e+18
1.14005e+19
7.86068e+18
1.14005e+19
7.86068e+18
7.86068e+18
1.14005e+19
7.86068e+18
1.14005e+19
7.86068e+18
1.14005e+19
7.86068e+18
1.14005e+19
7.86068e+18
1.14005e+19
7.86068e+18
1.14005e+19
7.86068e+18
1.14005e+19
7.86068e+18
1.14005e+19
7.86068e+18
1.44417e+19
1.14005e+19
1.44417e+19
7.86068e+18
1.44417e+19
1.14005e+19
7.86068e+18
1.14005e+19
7.86068e+18
1.14005e+19
7.86068e+18
1.14005e+19
7.86068e+18
1.14005e+19
7.86068e+18
done


Running command iteration 63...
1.81939e+18
3.76948e+18
1.37957e+19
1.52137e+19
9.98743e+18
1.52137e+19
9.98743e+18
1.52137e+19
9.98743e+18
1.52137e+19
9.98743e+18
1.52137e+19
9.98743e+18
9.98743e+18
1.52137e+19
9.98743e+18
1.52137e+19
9.98743e+18
1.52137e+19
9.98743e+18
9.98743e+18
1.52137e+19
9.98743e+18
1.52137e+19
9.98743e+18
1.52137e+19
9.98743e+18
1.52137e+19
9.98743e+18
1.52137e+19
9.98743e+18
1.52137e+19
9.98743e+18
1.52137e+19
9.98743e+18
1.52137e+19
1.52137e+19
9.98743e+18
1.52137e+19
1.52137e+19
9.98743e+18
1.52137e+19
1.52137e+19
9.98743e+18
1.52137e+19
done


Running command iteration 64...
1.80425e+19
1.47583e+19
1.7882e+19
5.76203e+18
5.76203e+18
7.58615e+18
5.76203e+18
7.58615e+18
5.76203e+18
7.58615e+18
5.76203e+18
7.58615e+18
5.76203e+18
7.58615e+18
5.76203e+18
7.58615e+18
5.76203e+18
7.58615e+18
5.76203e+18
7.58615e+18
7.58615e+18
5.76203e+18
7.58615e+18
7.58615e+18
7.58615e+18
5.76203e+18
7.58615e+18
7.58615e+18
7.58615e+18
5.76203e+18
7.58615e+18
7.58615e+18
7.58615e+18
5.76203e+18
7.58615e+18
7.58615e+18
7.58615e+18
5.76203e+18
7.58615e+18
7.58615e+18
5.76203e+18
7.58615e+18
7.58615e+18
7.58615e+18
5.76203e+18
done


Running command iteration 65...
1.08784e+19
1.19024e+19
1.59631e+18
1.04471e+19
3.74421e+18
1.04471e+19
3.74421e+18
1.04471e+19
3.74421e+18
1.04471e+19
3.74421e+18
1.04471e+19
3.74421e+18
1.04471e+19
3.74421e+18
1.04471e+19
3.74421e+18
1.04471e+19
1.04471e+19
3.74421e+18
1.04471e+19
3.74421e+18
1.04471e+19
3.74421e+18
3.74421e+18
1.04471e+19
3.74421e+18
1.04471e+19
3.74421e+18
1.04471e+19
3.74421e+18
1.04471e+19
3.74421e+18
1.04471e+19
3.74421e+18
1.04471e+19
3.74421e+18
3.74421e+18
1.04471e+19
3.74421e+18
1.04471e+19
3.74421e+18
1.04471e+19
3.74421e+18
1.04471e+19
done


Running command iteration 66...
1.81976e+19
1.27575e+19
1.20674e+19
4.80764e+18
7.55553e+18
4.80764e+18
7.55553e+18
4.80764e+18
7.55553e+18
4.80764e+18
7.55553e+18
4.80764e+18
4.80764e+18
4.80764e+18
7.55553e+18
4.80764e+18
7.55553e+18
4.80764e+18
7.55553e+18
4.80764e+18
4.80764e+18
7.55553e+18
7.55553e+18
4.80764e+18
7.55553e+18
4.80764e+18
7.55553e+18
4.80764e+18
4.80764e+18
7.55553e+18
4.80764e+18
7.55553e+18
7.55553e+18
4.80764e+18
7.55553e+18
4.80764e+18
7.55553e+18
4.80764e+18
7.55553e+18
4.80764e+18
4.80764e+18
7.55553e+18
4.80764e+18
7.55553e+18
7.55553e+18
done


Running command iteration 67...
1.44604e+19
1.21323e+19
1.4899e+18
9.72831e+18
9.90265e+18
1.4899e+18
9.90265e+18
9.72831e+18
9.90265e+18
9.72831e+18
9.90265e+18
9.90265e+18
9.90265e+18
9.72831e+18
9.90265e+18
9.72831e+18
9.90265e+18
9.72831e+18
9.90265e+18
9.72831e+18
9.72831e+18
9.90265e+18
9.72831e+18
9.90265e+18
9.72831e+18
9.90265e+18
9.72831e+18
9.72831e+18
9.90265e+18
9.72831e+18
9.90265e+18
9.72831e+18
1.21323e+19
9.90265e+18
9.72831e+18
1.21323e+19
9.90265e+18
9.72831e+18
1.21323e+19
9.90265e+18
9.72831e+18
1.21323e+19
9.90265e+18
9.72831e+18
1.21323e+19
done


Running command iteration 68...
6.35132e+18
9.09103e+18
1.03747e+19
3.09199e+18
3.09199e+18
3.09199e+18
2.87522e+18
3.09199e+18
2.87522e+18
3.09199e+18
3.09199e+18
2.87522e+18
3.09199e+18
2.87522e+18
3.09199e+18
2.87522e+18
3.09199e+18
2.87522e+18
3.09199e+18
2.87522e+18
3.09199e+18
2.87522e+18
2.87522e+18
3.09199e+18
2.87522e+18
2.87522e+18
3.09199e+18
2.87522e+18
3.09199e+18
2.87522e+18
3.09199e+18
2.87522e+18
2.87522e+18
3.09199e+18
3.09199e+18
2.87522e+18
3.09199e+18
2.87522e+18
3.09199e+18
2.87522e+18
3.09199e+18
2.87522e+18
3.09199e+18
2.87522e+18
3.09199e+18
done


Running command iteration 69...
1.40053e+19
1.06005e+19
1.57559e+19
1.72249e+19
1.72249e+19
7.85318e+18
1.72249e+19
1.72249e+19
7.85318e+18
1.72249e+19
7.85318e+18
7.85318e+18
7.85318e+18
7.85318e+18
1.72249e+19
7.85318e+18
7.85318e+18
1.72249e+19
7.85318e+18
1.72249e+19
7.85318e+18
1.72249e+19
7.85318e+18
1.72249e+19
7.85318e+18
1.72249e+19
7.85318e+18
1.72249e+19
7.85318e+18
1.72249e+19
7.85318e+18
1.72249e+19
7.85318e+18
1.72249e+19
7.85318e+18
1.72249e+19
7.85318e+18
1.72249e+19
7.85318e+18
1.72249e+19
7.85318e+18
1.72249e+19
7.85318e+18
1.72249e+19
7.85318e+18
done


Running command iteration 70...
1.17441e+19
7.96712e+18
1.51015e+19
7.09674e+18
7.09674e+18
1.01022e+19
1.01022e+19
7.09674e+18
7.09674e+18
7.09674e+18
1.01022e+19
7.09674e+18
1.01022e+19
7.09674e+18
1.01022e+19
7.09674e+18
1.01022e+19
7.09674e+18
1.01022e+19
1.01022e+19
7.09674e+18
7.09674e+18
1.01022e+19
7.09674e+18
1.01022e+19
1.01022e+19
7.09674e+18
7.09674e+18
1.01022e+19
7.09674e+18
1.01022e+19
7.09674e+18
7.09674e+18
1.01022e+19
1.01022e+19
7.09674e+18
1.01022e+19
1.01022e+19
7.09674e+18
1.01022e+19
7.09674e+18
1.01022e+19
7.09674e+18
1.01022e+19
7.09674e+18
done


Running command iteration 71...
1.40301e+19
5.49437e+18
4.64017e+18
1.1767e+18
1.72728e+19
1.1767e+18
1.72728e+19
1.1767e+18
1.72728e+19
1.1767e+18
1.72728e+19
1.1767e+18
1.72728e+19
1.1767e+18
1.72728e+19
1.1767e+18
1.72728e+19
1.1767e+18
1.72728e+19
1.1767e+18
1.72728e+19
1.1767e+18
1.72728e+19
1.1767e+18
1.1767e+18
1.72728e+19
1.1767e+18
1.72728e+19
1.1767e+18
1.72728e+19
1.72728e+19
1.1767e+18
1.72728e+19
1.1767e+18
1.1767e+18
1.72728e+19
1.1767e+18
1.72728e+19
1.1767e+18
1.72728e+19
1.1767e+18
1.72728e+19
1.1767e+18
1.72728e+19
1.1767e+18
done


Running command iteration 72...
3.67676e+18
2.4812e+18
5.78647e+18
1.57814e+19
5.78647e+18
1.04721e+19
5.78647e+18
1.04721e+19
1.04721e+19
5.78647e+18
1.04721e+19
1.04721e+19
5.78647e+18
1.04721e+19
1.04721e+19
5.78647e+18
1.04721e+19
5.78647e+18
1.04721e+19
5.78647e+18
1.04721e+19
1.04721e+19
5.78647e+18
1.04721e+19
1.04721e+19
5.78647e+18
1.04721e+19
1.04721e+19
5.78647e+18
1.04721e+19
1.04721e+19
5.78647e+18
2.4812e+18
1.04721e+19
2.4812e+18
1.04721e+19
2.4812e+18
2.4812e+18
1.04721e+19
2.4812e+18
1.04721e+19
2.4812e+18
1.04721e+19
2.4812e+18
1.04721e+19
done


Running command iteration 73...
1.72134e+18
1.67355e+19
1.3181e+19
3.67452e+18
3.67452e+18
7.39562e+18
1.3181e+19
3.67452e+18
3.67452e+18
1.3181e+19
3.67452e+18
1.3181e+19
3.67452e+18
1.3181e+19
3.67452e+18
1.3181e+19
1.3181e+19
3.67452e+18
1.3181e+19
3.67452e+18
1.3181e+19
3.67452e+18
1.3181e+19
3.67452e+18
1.3181e+19
3.67452e+18
1.3181e+19
3.67452e+18
1.3181e+19
3.67452e+18
1.3181e+19
3.67452e+18
3.67452e+18
1.3181e+19
3.67452e+18
1.3181e+19
3.67452e+18
1.3181e+19
3.67452e+18
1.3181e+19
3.67452e+18
1.3181e+19
3.67452e+18
1.3181e+19
3.67452e+18
done


Running command iteration 74...
1.05753e+19
1.62425e+18
1.657e+19
4.12905e+18
2.18204e+18
4.12905e+18
2.18204e+18
4.12905e+18
4.12905e+18
2.18204e+18
4.12905e+18
4.12905e+18
2.18204e+18
4.12905e+18
4.12905e+18
2.18204e+18
4.12905e+18
4.12905e+18
2.18204e+18
1.62425e+18
2.18204e+18
1.62425e+18
1.62425e+18
2.18204e+18
1.62425e+18
2.18204e+18
1.62425e+18
2.18204e+18
1.62425e+18
1.62425e+18
2.18204e+18
1.657e+19
1.62425e+18
2.18204e+18
1.62425e+18
1.62425e+18
2.18204e+18
1.62425e+18
2.18204e+18
1.62425e+18
2.18204e+18
1.62425e+18
2.18204e+18
1.62425e+18
2.18204e+18
done


Running command iteration 75...
1.08386e+19
1.06081e+19
1.28755e+19
1.29202e+19
4.2262e+17
1.29202e+19
4.2262e+17
1.29202e+19
4.2262e+17
1.29202e+19
4.2262e+17
1.29202e+19
4.2262e+17
1.29202e+19
4.2262e+17
4.2262e+17
4.2262e+17
1.29202e+19
4.2262e+17
1.29202e+19
4.2262e+17
1.29202e+19
4.2262e+17
1.29202e+19
4.2262e+17
1.29202e+19
4.2262e+17
1.29202e+19
4.2262e+17
1.29202e+19
1.29202e+19
4.2262e+17
1.29202e+19
4.2262e+17
1.29202e+19
4.2262e+17
1.29202e+19
4.2262e+17
1.29202e+19
4.2262e+17
1.29202e+19
1.06081e+19
4.2262e+17
1.29202e+19
1.06081e+19
done


Running command iteration 76...
1.50117e+19
1.41886e+18
8.35268e+18
7.00326e+18
8.88432e+18
7.00326e+18
7.00326e+18
7.00326e+18
7.00326e+18
7.00326e+18
8.88432e+18
7.00326e+18
8.88432e+18
7.00326e+18
7.00326e+18
7.00326e+18
8.88432e+18
7.00326e+18
7.00326e+18
8.88432e+18
7.00326e+18
7.00326e+18
7.00326e+18
7.00326e+18
8.88432e+18
7.00326e+18
8.88432e+18
7.00326e+18
7.00326e+18
8.88432e+18
7.00326e+18
8.88432e+18
7.00326e+18
8.88432e+18
7.00326e+18
7.00326e+18
8.88432e+18
7.00326e+18
7.00326e+18
7.00326e+18
7.00326e+18
8.88432e+18
7.00326e+18
7.00326e+18
7.00326e+18
done


Running command iteration 77...
1.88966e+18
4.32912e+18
6.19146e+18
8.7495e+18
8.7495e+18
7.49989e+18
8.7495e+18
7.49989e+18
7.49989e+18
8.7495e+18
7.49989e+18
8.7495e+18
7.49989e+18
7.49989e+18
8.7495e+18
7.49989e+18
7.49989e+18
8.7495e+18
7.49989e+18
8.7495e+18
7.49989e+18
7.49989e+18
8.7495e+18
7.49989e+18
8.7495e+18
7.49989e+18
7.49989e+18
8.7495e+18
7.49989e+18
8.7495e+18
7.49989e+18
8.7495e+18
7.49989e+18
8.7495e+18
7.49989e+18
7.49989e+18
8.7495e+18
7.49989e+18
8.7495e+18
8.7495e+18
7.49989e+18
6.19146e+18
6.19146e+18
6.19146e+18
7.49989e+18
done


Running command iteration 78...
6.56834e+18
6.13849e+18
1.77344e+19
1.38628e+19
1.38628e+19
8.62698e+18
1.38628e+19
8.62698e+18
1.38628e+19
8.62698e+18
1.38628e+19
8.62698e+18
1.38628e+19
6.13849e+18
8.62698e+18
6.13849e+18
1.38628e+19
8.62698e+18
6.13849e+18
6.13849e+18
1.38628e+19
6.13849e+18
1.38628e+19
6.13849e+18
6.13849e+18
6.13849e+18
1.38628e+19
6.13849e+18
1.38628e+19
6.13849e+18
1.38628e+19
6.13849e+18
6.13849e+18
1.38628e+19
6.13849e+18
6.13849e+18
1.38628e+19
6.13849e+18
1.38628e+19
6.13849e+18
6.13849e+18
1.38628e+19
6.13849e+18
1.38628e+19
6.13849e+18
done


Running command iteration 79...
5.32497e+18
4.44521e+18
1.70717e+19
2.34698e+18
1.63131e+19
2.34698e+18
1.63131e+19
2.34698e+18
1.63131e+19
2.34698e+18
1.63131e+19
2.34698e+18
1.63131e+19
2.34698e+18
1.63131e+19
2.34698e+18
1.63131e+19
2.34698e+18
1.63131e+19
1.63131e+19
2.34698e+18
1.63131e+19
1.63131e+19
2.34698e+18
1.63131e+19
4.44521e+18
2.34698e+18
4.44521e+18
1.63131e+19
4.44521e+18
1.63131e+19
2.34698e+18
4.44521e+18
1.63131e+19
4.44521e+18
1.63131e+19
4.44521e+18
1.63131e+19
4.44521e+18
1.63131e+19
4.44521e+18
1.63131e+19
4.44521e+18
1.63131e+19
4.44521e+18
done


Running command iteration 80...
1.1031e+19
1.71086e+19
5.29952e+18
1.18655e+19
9.73115e+18
1.18655e+19
9.73115e+18
1.18655e+19
1.18655e+19
9.73115e+18
1.18655e+19
1.18655e+19
9.73115e+18
1.18655e+19
9.73115e+18
1.18655e+19
9.73115e+18
1.18655e+19
9.73115e+18
1.71086e+19
1.18655e+19
9.73115e+18
1.71086e+19
9.73115e+18
1.71086e+19
9.73115e+18
1.71086e+19
9.73115e+18
9.73115e+18
1.71086e+19
9.73115e+18
1.71086e+19
9.73115e+18
1.71086e+19
9.73115e+18
1.71086e+19
9.73115e+18
1.71086e+19
9.73115e+18
1.71086e+19
9.73115e+18
1.71086e+19
9.73115e+18
1.71086e+19
9.73115e+18
done


Running command iteration 81...
1.8174e+18
1.53937e+19
1.77434e+19
4.95689e+18
1.40631e+19
4.95689e+18
1.40631e+19
4.95689e+18
4.95689e+18
1.40631e+19
4.95689e+18
4.95689e+18
1.40631e+19
4.95689e+18
1.40631e+19
4.95689e+18
1.40631e+19
4.95689e+18
4.95689e+18
4.95689e+18
1.40631e+19
4.95689e+18
1.40631e+19
1.40631e+19
1.40631e+19
4.95689e+18
1.40631e+19
4.95689e+18
1.40631e+19
4.95689e+18
1.40631e+19
4.95689e+18
1.40631e+19
1.40631e+19
1.40631e+19
4.95689e+18
1.40631e+19
4.95689e+18
1.40631e+19
4.95689e+18
1.53937e+19
1.40631e+19
4.95689e+18
1.53937e+19
1.53937e+19
done


Running command iteration 82...
3.74039e+18
1.50087e+19
1.41379e+19
8.23828e+18
8.23828e+18
5.53096e+18
8.23828e+18
5.53096e+18
5.53096e+18
5.53096e+18
8.23828e+18
5.53096e+18
5.53096e+18
8.23828e+18
5.53096e+18
8.23828e+18
5.53096e+18
8.23828e+18
5.53096e+18
8.23828e+18
5.53096e+18
8.23828e+18
5.53096e+18
8.23828e+18
5.53096e+18
8.23828e+18
5.53096e+18
8.23828e+18
5.53096e+18
8.23828e+18
5.53096e+18
8.23828e+18
5.53096e+18
8.23828e+18
5.53096e+18
8.23828e+18
5.53096e+18
8.23828e+18
5.53096e+18
8.23828e+18
5.53096e+18
8.23828e+18
5.53096e+18
8.23828e+18
5.53096e+18
done


Running command iteration 83...
4.85226e+18
1.91968e+18
3.73002e+18
1.38024e+19
1.38024e+19
2.74102e+18
3.73002e+18
2.74102e+18
2.74102e+18
3.73002e+18
2.74102e+18
3.73002e+18
2.74102e+18
2.74102e+18
3.73002e+18
2.74102e+18
2.74102e+18
3.73002e+18
2.74102e+18
3.73002e+18
3.73002e+18
2.74102e+18
3.73002e+18
2.74102e+18
3.73002e+18
2.74102e+18
3.73002e+18
2.74102e+18
3.73002e+18
2.74102e+18
3.73002e+18
2.74102e+18
3.73002e+18
2.74102e+18
2.74102e+18
3.73002e+18
2.74102e+18
3.73002e+18
2.74102e+18
3.73002e+18
3.73002e+18
2.74102e+18
3.73002e+18
2.74102e+18
3.73002e+18
done


Running command iteration 84...
3.51683e+18
1.49412e+19
9.99233e+18
1.82133e+19
6.86719e+18
1.82133e+19
6.86719e+18
1.82133e+19
6.86719e+18
1.82133e+19
6.86719e+18
1.82133e+19
1.82133e+19
6.86719e+18
1.82133e+19
6.86719e+18
1.82133e+19
6.86719e+18
1.82133e+19
1.82133e+19
6.86719e+18
6.86719e+18
1.82133e+19
6.86719e+18
6.86719e+18
1.82133e+19
1.82133e+19
6.86719e+18
1.82133e+19
6.86719e+18
1.82133e+19
6.86719e+18
1.82133e+19
1.82133e+19
6.86719e+18
1.82133e+19
6.86719e+18
1.82133e+19
6.86719e+18
1.82133e+19
6.86719e+18
1.82133e+19
6.86719e+18
6.86719e+18
1.82133e+19
done


Running command iteration 85...
9.37862e+18
3.54164e+18
1.77054e+19
2.98203e+18
1.01398e+19
2.98203e+18
1.01398e+19
2.98203e+18
1.01398e+19
2.98203e+18
1.01398e+19
1.01398e+19
2.98203e+18
1.01398e+19
2.98203e+18
1.01398e+19
2.98203e+18
1.01398e+19
2.98203e+18
1.01398e+19
1.01398e+19
1.01398e+19
2.98203e+18
2.98203e+18
2.98203e+18
2.98203e+18
2.98203e+18
1.01398e+19
2.98203e+18
1.01398e+19
2.98203e+18
1.01398e+19
2.98203e+18
1.01398e+19
2.98203e+18
1.01398e+19
2.98203e+18
1.01398e+19
2.98203e+18
1.01398e+19
2.98203e+18
1.01398e+19
2.98203e+18
1.01398e+19
2.98203e+18
done


Running command iteration 86...
6.35937e+18
1.22649e+19
1.17053e+19
3.23555e+18
4.18617e+18
1.17053e+19
4.18617e+18
1.17053e+19
4.18617e+18
1.17053e+19
4.18617e+18
1.17053e+19
4.18617e+18
1.17053e+19
4.18617e+18
1.17053e+19
4.18617e+18
4.18617e+18
1.17053e+19
4.18617e+18
1.17053e+19
4.18617e+18
1.17053e+19
4.18617e+18
1.17053e+19
4.18617e+18
1.17053e+19
4.18617e+18
1.17053e+19
1.17053e+19
4.18617e+18
4.18617e+18
1.17053e+19
1.17053e+19
4.18617e+18
1.17053e+19
4.18617e+18
1.17053e+19
4.18617e+18
4.18617e+18
1.17053e+19
4.18617e+18
1.17053e+19
4.18617e+18
1.17053e+19
done


Running command iteration 87...
1.02098e+19
6.63388e+18
1.4123e+19
1.55034e+19
1.19014e+19
1.55034e+19
1.55034e+19
1.19014e+19
1.55034e+19
1.19014e+19
1.55034e+19
1.55034e+19
1.19014e+19
1.55034e+19
1.19014e+19
1.55034e+19
1.55034e+19
1.19014e+19
1.55034e+19
1.55034e+19
1.19014e+19
1.55034e+19
1.19014e+19
1.55034e+19
1.19014e+19
1.55034e+19
1.55034e+19
1.19014e+19
1.55034e+19
1.55034e+19
1.19014e+19
1.55034e+19
6.63388e+18
1.19014e+19
6.63388e+18
1.55034e+19
1.55034e+19
1.19014e+19
1.55034e+19
1.55034e+19
1.19014e+19
1.55034e+19
1.19014e+19
1.55034e+19
1.55034e+19
done


Running command iteration 88...
1.21879e+19
1.6262e+19
1.78743e+19
9.49386e+18
9.49386e+18
9.49386e+18
9.49386e+18
3.01446e+18
9.49386e+18
3.01446e+18
9.49386e+18
9.49386e+18
3.01446e+18
3.01446e+18
9.49386e+18
3.01446e+18
9.49386e+18
3.01446e+18
9.49386e+18
3.01446e+18
9.49386e+18
3.01446e+18
9.49386e+18
9.49386e+18
3.01446e+18
3.01446e+18
9.49386e+18
3.01446e+18
9.49386e+18
9.49386e+18
3.01446e+18
9.49386e+18
9.49386e+18
3.01446e+18
9.49386e+18
3.01446e+18
9.49386e+18
3.01446e+18
9.49386e+18
1.78743e+19
3.01446e+18
9.49386e+18
3.01446e+18
1.78743e+19
9.49386e+18
done


Running command iteration 89...
1.10455e+19
7.51209e+18
1.05031e+19
3.6009e+18
8.05655e+18
3.6009e+18
8.05655e+18
3.6009e+18
3.6009e+18
8.05655e+18
3.6009e+18
8.05655e+18
3.6009e+18
8.05655e+18
3.6009e+18
8.05655e+18
3.6009e+18
8.05655e+18
3.6009e+18
8.05655e+18
3.6009e+18
8.05655e+18
3.6009e+18
8.05655e+18
3.6009e+18
8.05655e+18
3.6009e+18
8.05655e+18
3.6009e+18
8.05655e+18
3.6009e+18
8.05655e+18
3.6009e+18
8.05655e+18
8.05655e+18
3.6009e+18
8.05655e+18
3.6009e+18
8.05655e+18
3.6009e+18
8.05655e+18
3.6009e+18
8.05655e+18
3.6009e+18
8.05655e+18
done


Running command iteration 90...
1.61568e+19
1.71017e+19
4.94825e+17
4.05022e+18
1.40251e+19
4.05022e+18
1.40251e+19
4.05022e+18
1.40251e+19
4.05022e+18
1.40251e+19
4.05022e+18
1.40251e+19
4.05022e+18
1.40251e+19
4.05022e+18
1.40251e+19
4.05022e+18
1.40251e+19
1.40251e+19
4.05022e+18
1.40251e+19
1.40251e+19
4.05022e+18
1.40251e+19
4.05022e+18
1.40251e+19
4.05022e+18
1.40251e+19
4.05022e+18
1.40251e+19
4.05022e+18
4.05022e+18
1.40251e+19
4.05022e+18
1.40251e+19
4.05022e+18
1.40251e+19
1.40251e+19
1.40251e+19
4.05022e+18
4.05022e+18
1.40251e+19
4.05022e+18
1.40251e+19
done


Running command iteration 91...
1.69405e+19
1.63769e+18
7.31284e+18
5.06155e+18
2.17704e+18
5.06155e+18
2.17704e+18
5.06155e+18
5.06155e+18
2.17704e+18
5.06155e+18
2.17704e+18
5.06155e+18
2.17704e+18
2.17704e+18
5.06155e+18
2.17704e+18
5.06155e+18
2.17704e+18
5.06155e+18
2.17704e+18
5.06155e+18
2.17704e+18
5.06155e+18
2.17704e+18
5.06155e+18
2.17704e+18
5.06155e+18
5.06155e+18
2.17704e+18
5.06155e+18
2.17704e+18
5.06155e+18
2.17704e+18
2.17704e+18
5.06155e+18
2.17704e+18
5.06155e+18
2.17704e+18
5.06155e+18
5.06155e+18
2.17704e+18
5.06155e+18
2.17704e+18
5.06155e+18
done


Running command iteration 92...
1.0057e+19
1.42597e+19
1.24781e+18
2.69604e+18
2.69604e+18
1.25739e+19
1.25739e+19
2.69604e+18
2.69604e+18
1.25739e+19
2.69604e+18
1.25739e+19
2.69604e+18
1.25739e+19
2.69604e+18
1.25739e+19
2.69604e+18
1.25739e+19
1.25739e+19
2.69604e+18
1.25739e+19
2.69604e+18
1.25739e+19
2.69604e+18
1.25739e+19
2.69604e+18
2.69604e+18
1.25739e+19
2.69604e+18
1.25739e+19
2.69604e+18
1.25739e+19
1.25739e+19
1.25739e+19
2.69604e+18
2.69604e+18
1.25739e+19
2.69604e+18
2.69604e+18
1.25739e+19
2.69604e+18
1.25739e+19
2.69604e+18
2.69604e+18
1.25739e+19
done


Running command iteration 93...
1.0429e+19
1.4396e+19
1.78536e+19
1.81523e+19
2.06514e+18
1.81523e+19
1.81523e+19
2.06514e+18
1.81523e+19
1.81523e+19
1.81523e+19
2.06514e+18
1.81523e+19
1.81523e+19
2.06514e+18
1.81523e+19
1.81523e+19
2.06514e+18
1.81523e+19
1.81523e+19
2.06514e+18
1.81523e+19
1.81523e+19
2.06514e+18
1.81523e+19
1.81523e+19
2.06514e+18
1.81523e+19
1.81523e+19
2.06514e+18
1.81523e+19
1.81523e+19
2.06514e+18
1.4396e+19
1.81523e+19
1.4396e+19
1.81523e+19
1.4396e+19
1.81523e+19
1.4396e+19
1.81523e+19
1.4396e+19
1.81523e+19
1.4396e+19
1.4396e+19
done


Running command iteration 94...
8.42079e+18
3.17509e+18
1.59663e+19
7.67536e+18
6.86304e+18
7.67536e+18
6.86304e+18
7.67536e+18
6.86304e+18
7.67536e+18
6.86304e+18
7.67536e+18
6.86304e+18
7.67536e+18
6.86304e+18
7.67536e+18
7.67536e+18
6.86304e+18
7.67536e+18
7.67536e+18
6.86304e+18
7.67536e+18
6.86304e+18
7.67536e+18
6.86304e+18
7.67536e+18
7.67536e+18
6.86304e+18
7.67536e+18
6.86304e+18
7.67536e+18
7.67536e+18
7.67536e+18
6.86304e+18
7.67536e+18
6.86304e+18
7.67536e+18
6.86304e+18
6.86304e+18
6.86304e+18
7.67536e+18
6.86304e+18
1.59663e+19
6.86304e+18
1.59663e+19
done


Running command iteration 95...
1.08442e+19
5.02995e+18
8.32654e+17
4.16294e+18
4.16294e+18
1.35616e+19
4.16294e+18
1.35616e+19
4.16294e+18
1.35616e+19
4.16294e+18
1.35616e+19
1.35616e+19
4.16294e+18
5.02995e+18
4.16294e+18
5.02995e+18
5.02995e+18
4.16294e+18
5.02995e+18
5.02995e+18
4.16294e+18
5.02995e+18
5.02995e+18
4.16294e+18
5.02995e+18
5.02995e+18
4.16294e+18
5.02995e+18
5.02995e+18
4.16294e+18
5.02995e+18
5.02995e+18
4.16294e+18
5.02995e+18
5.02995e+18
4.16294e+18
5.02995e+18
4.16294e+18
5.02995e+18
5.02995e+18
4.16294e+18
5.02995e+18
5.02995e+18
4.16294e+18
done


Running command iteration 96...
5.27723e+18
3.97017e+18
2.90718e+18
3.95957e+18
1.69109e+19
3.95957e+18
1.69109e+19
3.95957e+18
1.69109e+19
3.95957e+18
1.69109e+19
3.95957e+18
1.69109e+19
3.95957e+18
3.95957e+18
3.95957e+18
1.69109e+19
1.69109e+19
3.95957e+18
1.69109e+19
1.69109e+19
3.95957e+18
1.69109e+19
3.95957e+18
1.69109e+19
1.69109e+19
3.95957e+18
1.69109e+19
1.69109e+19
3.95957e+18
1.69109e+19
3.95957e+18
1.69109e+19
3.95957e+18
1.69109e+19
3.95957e+18
1.69109e+19
3.95957e+18
1.69109e+19
3.95957e+18
1.69109e+19
3.95957e+18
1.69109e+19
3.95957e+18
1.69109e+19
done


Running command iteration 97...
1.39893e+19
1.76794e+19
1.78133e+19
1.12783e+19
7.94495e+18
1.12783e+19
1.12783e+19
7.94495e+18
1.12783e+19
1.12783e+19
7.94495e+18
1.12783e+19
1.12783e+19
7.94495e+18
1.12783e+19
1.12783e+19
1.12783e+19
7.94495e+18
1.12783e+19
1.12783e+19
7.94495e+18
1.12783e+19
1.12783e+19
1.12783e+19
7.94495e+18
1.12783e+19
1.12783e+19
7.94495e+18
1.12783e+19
1.12783e+19
1.12783e+19
7.94495e+18
1.12783e+19
1.12783e+19
1.12783e+19
7.94495e+18
1.12783e+19
7.94495e+18
1.12783e+19
1.12783e+19
7.94495e+18
1.12783e+19
1.12783e+19
7.94495e+18
1.12783e+19
done


Running command iteration 98...
1.00988e+19
7.2902e+18
5.71051e+18
9.66954e+18
9.66954e+18
1.37175e+19
5.71051e+18
9.66954e+18
5.71051e+18
5.71051e+18
9.66954e+18
5.71051e+18
9.66954e+18
5.71051e+18
5.71051e+18
9.66954e+18
5.71051e+18
5.71051e+18
9.66954e+18
5.71051e+18
5.71051e+18
9.66954e+18
5.71051e+18
5.71051e+18
5.71051e+18
9.66954e+18
5.71051e+18
5.71051e+18
9.66954e+18
5.71051e+18
9.66954e+18
5.71051e+18
5.71051e+18
7.2902e+18
9.66954e+18
5.71051e+18
9.66954e+18
5.71051e+18
5.71051e+18
9.66954e+18
5.71051e+18
9.66954e+18
5.71051e+18
9.66954e+18
5.71051e+18
done


Running command iteration 99...
1.22285e+18
2.23952e+18
1.81999e+19
7.70732e+18
7.70732e+18
1.63577e+18
7.70732e+18
7.70732e+18
1.63577e+18
7.70732e+18
7.70732e+18
7.70732e+18
1.63577e+18
7.70732e+18
7.70732e+18
7.70732e+18
7.70732e+18
1.63577e+18
7.70732e+18
7.70732e+18
7.70732e+18
1.63577e+18
7.70732e+18
7.70732e+18
7.70732e+18
7.70732e+18
1.63577e+18
7.70732e+18
7.70732e+18
1.63577e+18
7.70732e+18
7.70732e+18
1.63577e+18
7.70732e+18
1.63577e+18
1.63577e+18
7.70732e+18
1.63577e+18
1.63577e+18
1.63577e+18
1.81999e+19
7.70732e+18
1.63577e+18
1.81999e+19
7.70732e+18
done


Running command iteration 100...
4.82012e+18
5.79565e+18
1.37939e+19
1.64121e+19
6.59186e+18
1.64121e+19
6.59186e+18
1.64121e+19
6.59186e+18
1.64121e+19
1.64121e+19
6.59186e+18
1.64121e+19
6.59186e+18
1.64121e+19
1.64121e+19
6.59186e+18
1.64121e+19
6.59186e+18
1.64121e+19
6.59186e+18
6.59186e+18
1.64121e+19
6.59186e+18
1.64121e+19
6.59186e+18
1.64121e+19
6.59186e+18
1.64121e+19
6.59186e+18
1.64121e+19
6.59186e+18
1.64121e+19
6.59186e+18
1.64121e+19
6.59186e+18
1.64121e+19
1.64121e+19
6.59186e+18
1.64121e+19
6.59186e+18
1.64121e+19
6.59186e+18
1.64121e+19
1.64121e+19
done


Running command iteration 101...
2.33477e+18
1.42236e+19
7.89451e+18
7.17712e+17
4.35327e+18
7.17712e+17
4.35327e+18
7.17712e+17
4.35327e+18
7.17712e+17
7.17712e+17
4.35327e+18
7.17712e+17
4.35327e+18
7.17712e+17
4.35327e+18
7.17712e+17
4.35327e+18
7.17712e+17
4.35327e+18
7.17712e+17
4.35327e+18
7.17712e+17
4.35327e+18
7.17712e+17
4.35327e+18
4.35327e+18
7.17712e+17
7.17712e+17
4.35327e+18
7.17712e+17
7.17712e+17
4.35327e+18
7.17712e+17
4.35327e+18
7.17712e+17
4.35327e+18
7.17712e+17
7.17712e+17
4.35327e+18
7.17712e+17
4.35327e+18
1.42236e+19
7.17712e+17
4.35327e+18
done


Running command iteration 102...
9.82756e+17
7.40761e+18
1.43033e+19
3.23186e+18
3.23186e+18
3.23186e+18
3.23186e+18
3.23186e+18
1.65241e+19
3.23186e+18
1.65241e+19
1.65241e+19
3.23186e+18
3.23186e+18
1.65241e+19
3.23186e+18
1.65241e+19
3.23186e+18
1.65241e+19
3.23186e+18
1.65241e+19
3.23186e+18
1.65241e+19
3.23186e+18
1.65241e+19
1.65241e+19
3.23186e+18
1.65241e+19
3.23186e+18
1.65241e+19
3.23186e+18
1.65241e+19
3.23186e+18
1.65241e+19
3.23186e+18
1.65241e+19
3.23186e+18
1.65241e+19
3.23186e+18
1.65241e+19
3.23186e+18
3.23186e+18
1.65241e+19
1.65241e+19
3.23186e+18
done


Running command iteration 103...
3.40284e+18
1.70292e+19
3.89793e+18
1.09637e+19
1.62885e+18
1.09637e+19
1.62885e+18
1.09637e+19
1.62885e+18
1.62885e+18
1.09637e+19
1.62885e+18
1.09637e+19
1.62885e+18
1.62885e+18
1.09637e+19
1.09637e+19
1.62885e+18
1.62885e+18
1.09637e+19
1.09637e+19
1.62885e+18
1.09637e+19
1.62885e+18
1.09637e+19
1.62885e+18
1.62885e+18
1.09637e+19
1.62885e+18
1.09637e+19
1.62885e+18
1.09637e+19
1.62885e+18
1.09637e+19
1.09637e+19
1.62885e+18
1.09637e+19
1.62885e+18
1.09637e+19
1.62885e+18
1.09637e+19
1.62885e+18
1.09637e+19
1.62885e+18
1.09637e+19
done


Running command iteration 104...
8.70348e+17
8.74573e+18
3.19577e+17
7.84024e+18
6.51731e+18
7.84024e+18
6.51731e+18
7.84024e+18
6.51731e+18
6.51731e+18
7.84024e+18
6.51731e+18
6.51731e+18
7.84024e+18
6.51731e+18
7.84024e+18
6.51731e+18
6.51731e+18
7.84024e+18
6.51731e+18
6.51731e+18
7.84024e+18
6.51731e+18
7.84024e+18
6.51731e+18
6.51731e+18
7.84024e+18
6.51731e+18
6.51731e+18
7.84024e+18
6.51731e+18
6.51731e+18
7.84024e+18
8.74573e+18
6.51731e+18
8.74573e+18
7.84024e+18
8.74573e+18
8.74573e+18
7.84024e+18
8.74573e+18
8.74573e+18
7.84024e+18
8.74573e+18
7.84024e+18
done


Running command iteration 105...
3.88647e+18
2.09991e+18
4.10433e+18
9.47843e+18
2.36495e+18
9.47843e+18
9.47843e+18
9.47843e+18
9.47843e+18
9.47843e+18
9.47843e+18
2.36495e+18
9.47843e+18
2.36495e+18
9.47843e+18
2.36495e+18
9.47843e+18
2.36495e+18
2.36495e+18
9.47843e+18
2.36495e+18
2.36495e+18
2.36495e+18
9.47843e+18
2.36495e+18
9.47843e+18
2.36495e+18
9.47843e+18
2.36495e+18
9.47843e+18
2.36495e+18
9.47843e+18
2.36495e+18
9.47843e+18
9.47843e+18
2.36495e+18
9.47843e+18
2.36495e+18
9.47843e+18
2.36495e+18
9.47843e+18
2.36495e+18
9.47843e+18
2.36495e+18
9.47843e+18
done


Running command iteration 106...
6.38973e+18
1.61063e+18
8.85636e+18
2.84084e+18
5.9584e+18
2.84084e+18
2.84084e+18
5.9584e+18
2.84084e+18
5.9584e+18
2.84084e+18
5.9584e+18
2.84084e+18
2.84084e+18
2.84084e+18
5.9584e+18
2.84084e+18
5.9584e+18
2.84084e+18
5.9584e+18
2.84084e+18
2.84084e+18
5.9584e+18
2.84084e+18
5.9584e+18
2.84084e+18
2.84084e+18
5.9584e+18
2.84084e+18
5.9584e+18
2.84084e+18
5.9584e+18
2.84084e+18
5.9584e+18
2.84084e+18
5.9584e+18
2.84084e+18
5.9584e+18
2.84084e+18
5.9584e+18
2.84084e+18
5.9584e+18
2.84084e+18
5.9584e+18
2.84084e+18
done


Running command iteration 107...
7.18333e+18
1.30203e+19
1.41566e+19
1.2922e+19
1.2922e+19
7.02285e+17
1.2922e+19
7.02285e+17
1.2922e+19
7.02285e+17
1.2922e+19
7.02285e+17
1.2922e+19
1.2922e+19
7.02285e+17
1.2922e+19
7.02285e+17
1.2922e+19
1.2922e+19
1.2922e+19
7.02285e+17
1.2922e+19
1.2922e+19
7.02285e+17
1.2922e+19
1.2922e+19
7.02285e+17
1.2922e+19
1.2922e+19
7.02285e+17
1.2922e+19
7.02285e+17
1.2922e+19
1.2922e+19
7.02285e+17
1.2922e+19
1.2922e+19
7.02285e+17
7.02285e+17
1.2922e+19
7.02285e+17
1.2922e+19
7.02285e+17
1.2922e+19
7.02285e+17
done


Running command iteration 108...
7.07558e+18
1.37693e+18
1.33882e+19
1.70765e+19
1.70765e+19
1.82025e+19
1.82025e+19
1.70765e+19
1.82025e+19
1.70765e+19
1.82025e+19
1.70765e+19
1.70765e+19
1.70765e+19
1.70765e+19
1.70765e+19
1.70765e+19
1.70765e+19
1.70765e+19
1.82025e+19
1.70765e+19
1.70765e+19
1.82025e+19
1.70765e+19
1.82025e+19
1.70765e+19
1.82025e+19
1.70765e+19
1.82025e+19
1.70765e+19
1.82025e+19
1.70765e+19
1.82025e+19
1.70765e+19
1.70765e+19
1.82025e+19
1.70765e+19
1.82025e+19
1.70765e+19
1.82025e+19
1.70765e+19
1.82025e+19
1.70765e+19
1.82025e+19
1.70765e+19
done


Running command iteration 109...
6.76694e+18
1.61319e+19
1.55664e+19
1.33068e+19
6.34185e+18
1.33068e+19
6.34185e+18
1.33068e+19
6.34185e+18
1.33068e+19
6.34185e+18
6.34185e+18
6.34185e+18
1.33068e+19
6.34185e+18
1.33068e+19
6.34185e+18
1.33068e+19
6.34185e+18
1.33068e+19
6.34185e+18
1.33068e+19
6.34185e+18
1.33068e+19
1.33068e+19
6.34185e+18
1.33068e+19
6.34185e+18
6.34185e+18
1.33068e+19
6.34185e+18
1.33068e+19
6.34185e+18
1.33068e+19
6.34185e+18
1.33068e+19
6.34185e+18
1.33068e+19
6.34185e+18
1.33068e+19
6.34185e+18
1.33068e+19
1.33068e+19
6.34185e+18
1.33068e+19
done


Running command iteration 110...
1.56711e+19
1.16442e+19
1.84014e+19
1.50264e+19
6.99012e+18
1.50264e+19
6.99012e+18
6.99012e+18
1.50264e+19
6.99012e+18
1.50264e+19
1.50264e+19
6.99012e+18
1.50264e+19
6.99012e+18
1.50264e+19
1.16442e+19
6.99012e+18
1.50264e+19
1.50264e+19
6.99012e+18
1.50264e+19
1.50264e+19
6.99012e+18
1.50264e+19
1.50264e+19
6.99012e+18
1.50264e+19
1.50264e+19
6.99012e+18
1.84014e+19
1.84014e+19
1.84014e+19
6.99012e+18
1.84014e+19
6.99012e+18
1.84014e+19
1.84014e+19
6.99012e+18
1.84014e+19
6.99012e+18
1.84014e+19
1.84014e+19
6.99012e+18
1.84014e+19
done


Running command iteration 111...
4.95326e+18
1.29276e+18
5.4876e+18
3.6116e+17
3.6116e+17
2.88504e+18
3.6116e+17
2.88504e+18
3.6116e+17
2.88504e+18
3.6116e+17
2.88504e+18
3.6116e+17
2.88504e+18
3.6116e+17
2.88504e+18
3.6116e+17
2.88504e+18
3.6116e+17
2.88504e+18
3.6116e+17
2.88504e+18
1.29276e+18
3.6116e+17
1.29276e+18
3.6116e+17
3.6116e+17
1.29276e+18
3.6116e+17
1.29276e+18
3.6116e+17
1.29276e+18
3.6116e+17
1.29276e+18
3.6116e+17
1.29276e+18
3.6116e+17
1.29276e+18
3.6116e+17
1.29276e+18
3.6116e+17
1.29276e+18
3.6116e+17
1.29276e+18
1.29276e+18
done


Running command iteration 112...
1.65468e+19
4.77165e+18
2.42962e+18
1.52375e+19
1.52375e+19
1.54808e+19
1.52375e+19
1.54808e+19
1.52375e+19
1.54808e+19
1.52375e+19
1.54808e+19
1.52375e+19
1.54808e+19
1.52375e+19
1.54808e+19
1.54808e+19
1.52375e+19
1.52375e+19
1.54808e+19
1.52375e+19
1.54808e+19
1.52375e+19
1.52375e+19
1.52375e+19
1.54808e+19
1.52375e+19
1.54808e+19
1.52375e+19
1.54808e+19
1.52375e+19
1.52375e+19
1.54808e+19
1.52375e+19
1.52375e+19
1.54808e+19
1.52375e+19
1.54808e+19
1.52375e+19
1.54808e+19
1.52375e+19
1.54808e+19
1.52375e+19
1.54808e+19
1.52375e+19
done


Running command iteration 113...
6.60756e+18
1.6973e+19
1.51731e+19
1.19097e+19
7.42554e+18
1.19097e+19
1.19097e+19
7.42554e+18
1.19097e+19
1.19097e+19
7.42554e+18
1.19097e+19
1.19097e+19
1.19097e+19
7.42554e+18
1.19097e+19
1.19097e+19
7.42554e+18
1.19097e+19
1.6973e+19
1.6973e+19
1.6973e+19
1.19097e+19
1.19097e+19
1.6973e+19
1.19097e+19
1.19097e+19
1.6973e+19
1.19097e+19
1.19097e+19
1.6973e+19
1.19097e+19
1.19097e+19
1.6973e+19
1.19097e+19
1.19097e+19
1.6973e+19
1.19097e+19
1.19097e+19
1.6973e+19
1.19097e+19
1.6973e+19
1.19097e+19
1.19097e+19
1.6973e+19
done


Running command iteration 114...
2.81359e+18
1.47068e+19
1.53179e+19
7.34314e+17
3.16515e+18
3.16515e+18
7.34314e+17
3.16515e+18
7.34314e+17
3.16515e+18
7.34314e+17
3.16515e+18
7.34314e+17
3.16515e+18
7.34314e+17
3.16515e+18
7.34314e+17
3.16515e+18
7.34314e+17
1.47068e+19
7.34314e+17
7.34314e+17
1.47068e+19
7.34314e+17
1.47068e+19
7.34314e+17
7.34314e+17
1.47068e+19
1.47068e+19
7.34314e+17
1.47068e+19
1.47068e+19
7.34314e+17
1.47068e+19
7.34314e+17
1.47068e+19
1.47068e+19
7.34314e+17
1.47068e+19
7.34314e+17
7.34314e+17
1.47068e+19
7.34314e+17
7.34314e+17
1.47068e+19
done


Running command iteration 115...
2.10685e+18
1.01297e+18
5.30465e+18
5.4475e+18
1.58199e+19
5.4475e+18
5.4475e+18
1.58199e+19
5.4475e+18
1.58199e+19
1.58199e+19
1.58199e+19
5.4475e+18
1.58199e+19
5.4475e+18
1.58199e+19
1.58199e+19
1.58199e+19
5.4475e+18
1.58199e+19
5.4475e+18
5.4475e+18
1.58199e+19
5.4475e+18
1.58199e+19
5.4475e+18
1.58199e+19
5.4475e+18
1.58199e+19
5.4475e+18
1.58199e+19
5.4475e+18
1.58199e+19
5.4475e+18
1.58199e+19
1.58199e+19
5.4475e+18
1.58199e+19
5.4475e+18
1.58199e+19
1.58199e+19
5.4475e+18
1.58199e+19
1.58199e+19
1.58199e+19
done


Running command iteration 116...
1.67758e+19
4.61748e+17
9.6873e+18
1.72867e+19
7.95305e+18
1.72867e+19
1.72867e+19
7.95305e+18
1.72867e+19
1.72867e+19
7.95305e+18
1.72867e+19
7.95305e+18
1.72867e+19
1.72867e+19
7.95305e+18
1.72867e+19
1.72867e+19
7.95305e+18
1.72867e+19
1.72867e+19
7.95305e+18
1.72867e+19
1.72867e+19
7.95305e+18
1.72867e+19
1.72867e+19
7.95305e+18
1.72867e+19
7.95305e+18
1.72867e+19
1.72867e+19
1.72867e+19
7.95305e+18
1.72867e+19
1.72867e+19
7.95305e+18
7.95305e+18
7.95305e+18
7.95305e+18
7.95305e+18
7.95305e+18
1.72867e+19
7.95305e+18
7.95305e+18
done


Running command iteration 117...
5.992e+18
4.80455e+18
4.90525e+17
1.84576e+17
1.01049e+18
1.84576e+17
1.01049e+18
1.84576e+17
1.01049e+18
1.84576e+17
1.01049e+18
1.84576e+17
1.84576e+17
1.84576e+17
1.01049e+18
1.84576e+17
1.01049e+18
1.84576e+17
1.01049e+18
1.84576e+17
1.01049e+18
1.84576e+17
1.01049e+18
1.84576e+17
1.01049e+18
1.84576e+17
1.84576e+17
1.01049e+18
1.84576e+17
1.01049e+18
1.84576e+17
1.84576e+17
1.01049e+18
1.84576e+17
1.01049e+18
1.84576e+17
1.01049e+18
1.84576e+17
1.01049e+18
1.84576e+17
1.01049e+18
1.84576e+17
1.01049e+18
1.84576e+17
1.01049e+18
done


Running command iteration 118...
1.09137e+19
7.68968e+18
1.47575e+19
2.43615e+18
2.43615e+18
8.37722e+18
2.43615e+18
8.37722e+18
8.37722e+18
2.43615e+18
8.37722e+18
2.43615e+18
2.43615e+18
8.37722e+18
8.37722e+18
2.43615e+18
8.37722e+18
2.43615e+18
8.37722e+18
2.43615e+18
8.37722e+18
2.43615e+18
8.37722e+18
2.43615e+18
8.37722e+18
2.43615e+18
2.43615e+18
8.37722e+18
2.43615e+18
8.37722e+18
2.43615e+18
8.37722e+18
2.43615e+18
8.37722e+18
2.43615e+18
8.37722e+18
2.43615e+18
8.37722e+18
2.43615e+18
8.37722e+18
2.43615e+18
8.37722e+18
2.43615e+18
8.37722e+18
2.43615e+18
done


Running command iteration 119...
1.64894e+19
1.43097e+19
1.78787e+19
7.56063e+18
8.68378e+18
7.56063e+18
8.68378e+18
7.56063e+18
8.68378e+18
7.56063e+18
8.68378e+18
8.68378e+18
7.56063e+18
8.68378e+18
7.56063e+18
8.68378e+18
7.56063e+18
8.68378e+18
7.56063e+18
8.68378e+18
7.56063e+18
8.68378e+18
7.56063e+18
8.68378e+18
7.56063e+18
8.68378e+18
7.56063e+18
8.68378e+18
8.68378e+18
7.56063e+18
8.68378e+18
7.56063e+18
8.68378e+18
7.56063e+18
8.68378e+18
7.56063e+18
8.68378e+18
7.56063e+18
8.68378e+18
7.56063e+18
8.68378e+18
7.56063e+18
8.68378e+18
7.56063e+18
8.68378e+18
done


Running command iteration 120...
1.61836e+19
6.87894e+18
1.61346e+19
1.09647e+19
1.09647e+19
1.03643e+19
1.09647e+19
1.03643e+19
1.09647e+19
1.09647e+19
1.03643e+19
1.09647e+19
1.03643e+19
1.09647e+19
1.03643e+19
1.09647e+19
1.03643e+19
1.09647e+19
1.03643e+19
1.09647e+19
1.03643e+19
1.09647e+19
1.03643e+19
1.09647e+19
1.03643e+19
1.09647e+19
1.03643e+19
1.03643e+19
1.09647e+19
1.03643e+19
1.09647e+19
1.03643e+19
1.09647e+19
1.03643e+19
1.09647e+19
1.09647e+19
1.03643e+19
1.09647e+19
1.03643e+19
1.09647e+19
1.03643e+19
1.09647e+19
1.03643e+19
1.09647e+19
1.03643e+19
done


Running command iteration 121...
9.0855e+18
5.41066e+18
1.58407e+19
1.11853e+19
2.6802e+18
1.11853e+19
2.6802e+18
1.11853e+19
2.6802e+18
1.11853e+19
2.6802e+18
1.11853e+19
2.6802e+18
1.11853e+19
2.6802e+18
1.11853e+19
2.6802e+18
5.41066e+18
5.41066e+18
2.6802e+18
5.41066e+18
2.6802e+18
5.41066e+18
2.6802e+18
5.41066e+18
5.41066e+18
2.6802e+18
5.41066e+18
2.6802e+18
5.41066e+18
2.6802e+18
5.41066e+18
2.6802e+18
5.41066e+18
2.6802e+18
5.41066e+18
2.6802e+18
5.41066e+18
2.6802e+18
5.41066e+18
2.6802e+18
5.41066e+18
2.6802e+18
5.41066e+18
2.6802e+18
done


Running command iteration 122...
3.59986e+18
1.56556e+19
7.28537e+18
1.56007e+19
1.56007e+19
9.43297e+18
1.56007e+19
9.43297e+18
9.43297e+18
9.43297e+18
1.56007e+19
9.43297e+18
9.43297e+18
9.43297e+18
1.56007e+19
9.43297e+18
9.43297e+18
1.56007e+19
9.43297e+18
9.43297e+18
1.56007e+19
9.43297e+18
9.43297e+18
9.43297e+18
1.56007e+19
9.43297e+18
9.43297e+18
1.56007e+19
9.43297e+18
9.43297e+18
1.56007e+19
9.43297e+18
9.43297e+18
1.56007e+19
9.43297e+18
1.56007e+19
1.56007e+19
9.43297e+18
1.56007e+19
9.43297e+18
1.56007e+19
9.43297e+18
1.56007e+19
1.56007e+19
9.43297e+18
done


Running command iteration 123...
4.48609e+18
4.38228e+18
3.53032e+18
1.66948e+19
1.66948e+19
7.70662e+18
1.66948e+19
7.70662e+18
1.66948e+19
1.66948e+19
7.70662e+18
1.66948e+19
1.66948e+19
7.70662e+18
1.66948e+19
7.70662e+18
1.66948e+19
1.66948e+19
7.70662e+18
1.66948e+19
1.66948e+19
7.70662e+18
1.66948e+19
1.66948e+19
7.70662e+18
1.66948e+19
7.70662e+18
1.66948e+19
1.66948e+19
7.70662e+18
1.66948e+19
7.70662e+18
1.66948e+19
1.66948e+19
7.70662e+18
1.66948e+19
1.66948e+19
7.70662e+18
1.66948e+19
1.66948e+19
7.70662e+18
1.66948e+19
1.66948e+19
7.70662e+18
7.70662e+18
done


Running command iteration 124...
9.06813e+18
1.4845e+19
1.26208e+19
3.90901e+18
1.53035e+19
3.90901e+18
1.53035e+19
1.53035e+19
3.90901e+18
1.53035e+19
1.53035e+19
3.90901e+18
1.53035e+19
3.90901e+18
1.53035e+19
3.90901e+18
1.53035e+19
3.90901e+18
1.53035e+19
1.53035e+19
1.53035e+19
3.90901e+18
1.53035e+19
3.90901e+18
1.53035e+19
3.90901e+18
1.53035e+19
1.53035e+19
3.90901e+18
3.90901e+18
1.53035e+19
1.53035e+19
3.90901e+18
1.53035e+19
3.90901e+18
3.90901e+18
1.53035e+19
3.90901e+18
1.53035e+19
3.90901e+18
1.53035e+19
3.90901e+18
1.53035e+19
3.90901e+18
1.53035e+19
done


Running command iteration 125...
6.96552e+18
3.71746e+18
1.51159e+19
1.02459e+19
1.70045e+19
1.02459e+19
1.02459e+19
1.02459e+19
1.70045e+19
1.02459e+19
1.70045e+19
1.02459e+19
1.70045e+19
1.02459e+19
1.70045e+19
1.70045e+19
1.70045e+19
1.02459e+19
1.02459e+19
1.02459e+19
1.70045e+19
1.02459e+19
1.70045e+19
1.70045e+19
1.70045e+19
1.02459e+19
1.70045e+19
1.02459e+19
1.70045e+19
1.02459e+19
1.70045e+19
1.02459e+19
1.70045e+19
1.02459e+19
1.70045e+19
1.70045e+19
1.70045e+19
1.02459e+19
1.70045e+19
1.70045e+19
1.02459e+19
1.70045e+19
1.02459e+19
1.70045e+19
1.02459e+19
done


Running command iteration 126...
3.026e+18
8.71183e+18
3.59964e+18
9.80652e+18
9.80652e+18
9.80652e+18
9.80652e+18
9.80652e+18
6.2147e+18
9.80652e+18
9.80652e+18
6.2147e+18
9.80652e+18
6.2147e+18
9.80652e+18
6.2147e+18
9.80652e+18
6.2147e+18
9.80652e+18
9.80652e+18
6.2147e+18
9.80652e+18
6.2147e+18
9.80652e+18
6.2147e+18
6.2147e+18
9.80652e+18
6.2147e+18
6.2147e+18
9.80652e+18
6.2147e+18
6.2147e+18
9.80652e+18
6.2147e+18
9.80652e+18
6.2147e+18
9.80652e+18
6.2147e+18
9.80652e+18
6.2147e+18
9.80652e+18
6.2147e+18
3.59964e+18
9.80652e+18
6.2147e+18
done


Running command iteration 127...
9.95445e+18
1.82762e+19
9.00369e+17
2.41376e+18
2.41376e+18
4.17738e+18
2.41376e+18
2.41376e+18
2.41376e+18
4.17738e+18
2.41376e+18
4.17738e+18
2.41376e+18
4.17738e+18
2.41376e+18
4.17738e+18
2.41376e+18
4.17738e+18
2.41376e+18
2.41376e+18
2.41376e+18
4.17738e+18
2.41376e+18
2.41376e+18
4.17738e+18
2.41376e+18
4.17738e+18
2.41376e+18
2.41376e+18
2.41376e+18
4.17738e+18
2.41376e+18
4.17738e+18
4.17738e+18
4.17738e+18
2.41376e+18
2.41376e+18
2.41376e+18
2.41376e+18
4.17738e+18
2.41376e+18
4.17738e+18
2.41376e+18
4.17738e+18
2.41376e+18
done


Running command iteration 128...
1.57978e+19
8.06402e+18
1.08573e+19
3.39667e+18
<native fn>
3.39667e+18
3.39667e+18
3.39667e+18
5.49574e+18
3.39667e+18
3.39667e+18
5.49574e+18
5.49574e+18
3.39667e+18
5.49574e+18
3.39667e+18
5.49574e+18
3.39667e+18
3.39667e+18
5.49574e+18
3.39667e+18
5.49574e+18
3.39667e+18
5.49574e+18
3.39667e+18
5.49574e+18
3.39667e+18
5.49574e+18
5.49574e+18
3.39667e+18
5.49574e+18
3.39667e+18
5.49574e+18
3.39667e+18
5.49574e+18
3.39667e+18
5.49574e+18
5.49574e+18
3.39667e+18
5.49574e+18
3.39667e+18
5.49574e+18
3.39667e+18
5.49574e+18
3.39667e+18
done


Running command iteration 129...
1.54136e+19
8.52918e+18
6.91634e+18
1.06426e+19
1.06426e+19
1.06426e+19
1.06426e+19
1.24427e+19
1.06426e+19
1.06426e+19
1.06426e+19
1.24427e+19
1.06426e+19
1.06426e+19
1.24427e+19
1.06426e+19
1.06426e+19
1.24427e+19
1.06426e+19
1.06426e+19
1.24427e+19
1.06426e+19
1.06426e+19
1.24427e+19
1.06426e+19
1.06426e+19
1.06426e+19
1.24427e+19
1.06426e+19
1.06426e+19
1.06426e+19
1.24427e+19
1.06426e+19
1.06426e+19
1.24427e+19
1.06426e+19
1.06426e+19
1.24427e+19
1.06426e+19
1.06426e+19
1.24427e+19
1.06426e+19
1.06426e+19
1.24427e+19
1.06426e+19
done


Running command iteration 130...
1.18694e+19
1.20727e+19
4.3076e+18
3.77802e+18
3.77802e+18
3.77802e+18
6.21954e+18
3.77802e+18
6.21954e+18
3.77802e+18
3.77802e+18
6.21954e+18
6.21954e+18
3.77802e+18
6.21954e+18
3.77802e+18
3.77802e+18
6.21954e+18
3.77802e+18
6.21954e+18
3.77802e+18
6.21954e+18
3.77802e+18
6.21954e+18
3.77802e+18
6.21954e+18
3.77802e+18
6.21954e+18
3.77802e+18
6.21954e+18
6.21954e+18
3.77802e+18
6.21954e+18
3.77802e+18
3.77802e+18
3.77802e+18
6.21954e+18
3.77802e+18
3.77802e+18
3.77802e+18
3.77802e+18
3.77802e+18
3.77802e+18
6.21954e+18
3.77802e+18
done


Running command iteration 131...
3.07493e+18
8.4081e+18
4.73288e+18
6.70664e+18
6.70664e+18
6.70664e+18
1.06602e+19
6.70664e+18
6.70664e+18
1.06602e+19
6.70664e+18
1.06602e+19
1.06602e+19
6.70664e+18
1.06602e+19
1.06602e+19
6.70664e+18
1.06602e+19
6.70664e+18
1.06602e+19
6.70664e+18
1.06602e+19
6.70664e+18
1.06602e+19
6.70664e+18
1.06602e+19
1.06602e+19
6.70664e+18
1.06602e+19
6.70664e+18
1.06602e+19
1.06602e+19
1.06602e+19
6.70664e+18
1.06602e+19
6.70664e+18
1.06602e+19
6.70664e+18
1.06602e+19
6.70664e+18
1.06602e+19
1.06602e+19
6.70664e+18
1.06602e+19
1.06602e+19
done


Running command iteration 132...
6.56661e+18
1.76953e+19
1.57446e+19
1.84098e+19
1.84098e+19
1.84098e+19
1.11643e+19
1.84098e+19
1.11643e+19
1.84098e+19
1.11643e+19
1.84098e+19
1.11643e+19
1.84098e+19
1.11643e+19
1.84098e+19
1.11643e+19
1.84098e+19
1.11643e+19
1.84098e+19
1.11643e+19
1.84098e+19
1.11643e+19
1.84098e+19
1.11643e+19
1.84098e+19
1.11643e+19
1.11643e+19
1.84098e+19
1.11643e+19
1.11643e+19
1.84098e+19
1.84098e+19
1.11643e+19
1.84098e+19
1.11643e+19
1.84098e+19
1.11643e+19
1.84098e+19
1.11643e+19
1.84098e+19
1.11643e+19
1.11643e+19
1.84098e+19
1.11643e+19
done


Running command iteration 133...
4.79689e+18
6.16795e+18
4.51032e+18
3.33908e+18
3.33908e+18
9.61669e+18
3.33908e+18
9.61669e+18
3.33908e+18
9.61669e+18
9.61669e+18
3.33908e+18
9.61669e+18
3.33908e+18
9.61669e+18
9.61669e+18
6.16795e+18
9.61669e+18
6.16795e+18
9.61669e+18
6.16795e+18
9.61669e+18
6.16795e+18
9.61669e+18
6.16795e+18
9.61669e+18
6.16795e+18
9.61669e+18
6.16795e+18
9.61669e+18
6.16795e+18
6.16795e+18
9.61669e+18
6.16795e+18
4.51032e+18
9.61669e+18
6.16795e+18
4.51032e+18
9.61669e+18
6.16795e+18
4.51032e+18
9.61669e+18
6.16795e+18
4.51032e+18
9.61669e+18
done


Running command iteration 134...
1.1963e+19
1.03003e+18
1.7854e+19
8.02774e+18
8.02774e+18
8.02774e+18
8.02774e+18
8.02774e+18
8.02774e+18
4.89204e+17
8.02774e+18
4.89204e+17
8.02774e+18
4.89204e+17
8.02774e+18
4.89204e+17
8.02774e+18
4.89204e+17
8.02774e+18
4.89204e+17
8.02774e+18
8.02774e+18
4.89204e+17
8.02774e+18
8.02774e+18
4.89204e+17
8.02774e+18
4.89204e+17
8.02774e+18
4.89204e+17
8.02774e+18
8.02774e+18
4.89204e+17
8.02774e+18
4.89204e+17
8.02774e+18
4.89204e+17
8.02774e+18
4.89204e+17
8.02774e+18
4.89204e+17
8.02774e+18
4.89204e+17
8.02774e+18
4.89204e+17
done


Running command iteration 135...
2.39765e+17
6.17231e+18
1.22926e+19
4.28723e+18
4.28723e+18
1.21419e+18
4.28723e+18
1.21419e+18
4.28723e+18
1.21419e+18
4.28723e+18
1.21419e+18
4.28723e+18
1.21419e+18
4.28723e+18
1.21419e+18
4.28723e+18
1.21419e+18
4.28723e+18
1.21419e+18
4.28723e+18
1.21419e+18
4.28723e+18
4.28723e+18
1.21419e+18
1.21419e+18
4.28723e+18
1.21419e+18
4.28723e+18
1.21419e+18
4.28723e+18
4.28723e+18
1.21419e+18
4.28723e+18
1.21419e+18
1.21419e+18
4.28723e+18
4.28723e+18
1.21419e+18
4.28723e+18
1.22926e+19
1.21419e+18
4.28723e+18
1.22926e+19
1.21419e+18
done


Running command iteration 136...
7.9459e+18
4.1329e+18
7.97847e+18
1.03296e+19
1.03296e+19
1.03296e+19
1.35705e+18
1.03296e+19
1.35705e+18
1.03296e+19
1.03296e+19
1.35705e+18
1.03296e+19
1.03296e+19
1.35705e+18
1.03296e+19
1.03296e+19
1.35705e+18
1.03296e+19
1.35705e+18
1.03296e+19
1.35705e+18
1.03296e+19
1.35705e+18
1.03296e+19
1.35705e+18
1.03296e+19
1.03296e+19
1.35705e+18
1.35705e+18
1.03296e+19
1.35705e+18
1.35705e+18
1.03296e+19
1.03296e+19
1.35705e+18
1.03296e+19
1.35705e+18
1.03296e+19
1.03296e+19
1.35705e+18
1.03296e+19
1.35705e+18
1.03296e+19
1.35705e+18
done


Running command iteration 137...
1.74008e+19
6.50633e+18
1.91861e+18
1.4633e+19
9.3724e+18
9.3724e+18
1.91861e+18
9.3724e+18
1.91861e+18
1.91861e+18
9.3724e+18
1.91861e+18
9.3724e+18
9.3724e+18
1.91861e+18
9.3724e+18
9.3724e+18
1.91861e+18
9.3724e+18
9.3724e+18
1.91861e+18
9.3724e+18
9.3724e+18
1.91861e+18
9.3724e+18
9.3724e+18
1.91861e+18
9.3724e+18
1.91861e+18
9.3724e+18
1.91861e+18
9.3724e+18
1.91861e+18
9.3724e+18
1.91861e+18
9.3724e+18
6.50633e+18
6.50633e+18
9.3724e+18
6.50633e+18
9.3724e+18
9.3724e+18
6.50633e+18
6.50633e+18
9.3724e+18
done


Running command iteration 138...
8.08502e+18
1.36636e+19
8.44443e+18
8.44443e+18
6.45775e+18
4.77742e+18
6.45775e+18
6.45775e+18
4.77742e+18
6.45775e+18
4.77742e+18
6.45775e+18
4.77742e+18
6.45775e+18
4.77742e+18
6.45775e+18
4.77742e+18
6.45775e+18
4.77742e+18
6.45775e+18
4.77742e+18
6.45775e+18
4.77742e+18
6.45775e+18
4.77742e+18
6.45775e+18
4.77742e+18
4.77742e+18
6.45775e+18
4.77742e+18
6.45775e+18
4.77742e+18
6.45775e+18
4.77742e+18
6.45775e+18
4.77742e+18
6.45775e+18
4.77742e+18
6.45775e+18
4.77742e+18
6.45775e+18
4.77742e+18
6.45775e+18
4.77742e+18
1.36636e+19
done


Running command iteration 139...
1.6042e+19
4.20906e+18
9.06888e+18
9.72983e+18
9.54517e+18
9.54517e+18
9.54517e+18
9.72983e+18
9.54517e+18
9.54517e+18
9.72983e+18
9.54517e+18
9.54517e+18
9.72983e+18
9.54517e+18
9.72983e+18
9.54517e+18
9.72983e+18
9.54517e+18
9.54517e+18
9.72983e+18
9.54517e+18
9.54517e+18
9.72983e+18
9.72983e+18
9.54517e+18
9.54517e+18
9.72983e+18
9.72983e+18
9.54517e+18
9.72983e+18
9.54517e+18
9.72983e+18
9.54517e+18
9.72983e+18
9.54517e+18
9.72983e+18
9.54517e+18
9.72983e+18
9.72983e+18
9.54517e+18
9.72983e+18
9.72983e+18
9.54517e+18
4.20906e+18
done


Running command iteration 140...
1.12967e+19
2.50934e+18
1.27102e+18
9.56253e+18
1.29875e+19
9.56253e+18
1.29875e+19
9.56253e+18
9.56253e+18
1.29875e+19
9.56253e+18
1.29875e+19
9.56253e+18
1.29875e+19
9.56253e+18
1.29875e+19
9.56253e+18
1.29875e+19
9.56253e+18
1.29875e+19
9.56253e+18
1.29875e+19
9.56253e+18
1.29875e+19
9.56253e+18
1.29875e+19
9.56253e+18
1.29875e+19
9.56253e+18
1.29875e+19
9.56253e+18
9.56253e+18
1.29875e+19
9.56253e+18
1.29875e+19
9.56253e+18
1.29875e+19
9.56253e+18
1.29875e+19
9.56253e+18
1.29875e+19
9.56253e+18
1.29875e+19
9.56253e+18
1.29875e+19
done


Running command iteration 141...
4.17411e+18
1.86063e+18
7.63948e+18
6.14287e+18
8.55477e+18
6.14287e+18
6.14287e+18
8.55477e+18
6.14287e+18
6.14287e+18
6.14287e+18
8.55477e+18
6.14287e+18
6.14287e+18
6.14287e+18
6.14287e+18
6.14287e+18
8.55477e+18
6.14287e+18
6.14287e+18
8.55477e+18
6.14287e+18
8.55477e+18
6.14287e+18
6.14287e+18
6.14287e+18
8.55477e+18
8.55477e+18
6.14287e+18
8.55477e+18
6.14287e+18
6.14287e+18
8.55477e+18
6.14287e+18
8.55477e+18
8.55477e+18
6.14287e+18
8.55477e+18
6.14287e+18
8.55477e+18
6.14287e+18
8.55477e+18
6.14287e+18
8.55477e+18
6.14287e+18
done


Running command iteration 142...
9.03247e+18
1.17759e+19
1.22327e+19
1.34011e+18
1.34011e+18
1.18408e+19
1.34011e+18
1.34011e+18
1.18408e+19
1.34011e+18
1.34011e+18
1.18408e+19
1.18408e+19
1.34011e+18
1.18408e+19
1.34011e+18
1.18408e+19
1.34011e+18
1.18408e+19
1.34011e+18
1.18408e+19
1.34011e+18
1.18408e+19
1.34011e+18
1.18408e+19
1.34011e+18
1.18408e+19
1.34011e+18
1.18408e+19
1.34011e+18
1.34011e+18
1.18408e+19
1.34011e+18
1.18408e+19
1.34011e+18
1.18408e+19
1.34011e+18
1.18408e+19
1.18408e+19
1.34011e+18
1.18408e+19
1.34011e+18
1.18408e+19
1.18408e+19
1.34011e+18
done


Running command iteration 143...
7.89321e+18
1.49763e+17
1.21055e+19
3.7453e+18
2.7171e+18
3.7453e+18
2.7171e+18
3.7453e+18
2.7171e+18
3.7453e+18
2.7171e+18
3.7453e+18
2.7171e+18
3.7453e+18
2.7171e+18
3.7453e+18
2.7171e+18
3.7453e+18
1.49763e+17
2.7171e+18
3.7453e+18
1.49763e+17
2.7171e+18
3.7453e+18
1.49763e+17
2.7171e+18
1.49763e+17
2.7171e+18
1.49763e+17
2.7171e+18
1.49763e+17
2.7171e+18
1.49763e+17
2.7171e+18
1.49763e+17
2.7171e+18
1.49763e+17
1.21055e+19
1.21055e+19
1.49763e+17
1.49763e+17
1.21055e+19
2.7171e+18
1.49763e+17
1.21055e+19
done


Running command iteration 144...
5.07795e+18
8.60171e+18
1.10425e+19
1.60104e+19
1.10425e+19
2.08573e+18
1.10425e+19
1.60104e+19
1.10425e+19
1.10425e+19
2.08573e+18
1.10425e+19
1.10425e+19
2.08573e+18
1.10425e+19
1.10425e+19
2.08573e+18
1.10425e+19
1.10425e+19
2.08573e+18
1.10425e+19
1.10425e+19
1.10425e+19
1.10425e+19
1.10425e+19
1.10425e+19
2.08573e+18
1.10425e+19
2.08573e+18
1.10425e+19
8.60171e+18
1.10425e+19
2.08573e+18
2.08573e+18
8.60171e+18
1.10425e+19
1.10425e+19
8.60171e+18
1.10425e+19
2.08573e+18
8.60171e+18
8.60171e+18
8.60171e+18
2.08573e+18
1.10425e+19
done


Running command iteration 145...
1.66488e+18
1.1261e+19
6.34825e+18
4.4421e+18
1.10851e+19
6.34825e+18
<native fn>
1.10851e+19
6.34825e+18
1.10851e+19
1.10851e+19
6.34825e+18
1.10851e+19
6.34825e+18
1.10851e+19
1.10851e+19
6.34825e+181.10851e+19

1.10851e+19
1.10851e+19
6.34825e+18
1.10851e+19
6.34825e+18
1.10851e+19
1.10851e+19
6.34825e+18
1.10851e+19
1.10851e+19
6.34825e+18
1.10851e+19
1.10851e+19
6.34825e+18
1.10851e+19
1.10851e+19
6.34825e+18
1.10851e+19
6.34825e+18
1.10851e+19
6.34825e+18
1.10851e+19
6.34825e+18
6.34825e+18
1.10851e+19
1.10851e+19
6.34825e+18
done


Running command iteration 146...
1.20596e+19
1.40849e+18
9.94989e+18
1.12462e+19
7.9386e+17
9.94989e+18
7.9386e+17
9.94989e+18
7.9386e+17
7.9386e+17
9.94989e+18
7.9386e+17
9.94989e+18
1.40849e+18
1.40849e+18
7.9386e+17
1.40849e+18
1.40849e+18
7.9386e+17
1.40849e+18
1.40849e+18
7.9386e+17
1.40849e+18
1.40849e+18
1.40849e+18
7.9386e+17
1.40849e+18
1.40849e+18
7.9386e+17
1.40849e+18
1.40849e+18
7.9386e+17
1.40849e+18
7.9386e+17
1.40849e+18
1.40849e+18
7.9386e+17
1.40849e+18
7.9386e+17
1.40849e+18
7.9386e+17
1.40849e+18
1.40849e+18
1.40849e+18
7.9386e+17
done


Running command iteration 147...
1.08041e+18
2.4205e+17
6.15527e+18
1.38389e+18
1.38389e+18
9.3389e+18
1.38389e+18
1.38389e+18
9.3389e+18
1.38389e+18
1.38389e+18
9.3389e+18
1.38389e+18
1.38389e+18
9.3389e+18
1.38389e+18
9.3389e+18
1.38389e+18
1.38389e+18
1.38389e+18
9.3389e+18
1.38389e+18
1.38389e+18
9.3389e+18
1.38389e+18
1.38389e+18
9.3389e+18
1.38389e+18
9.3389e+18
1.38389e+18
1.38389e+18
1.38389e+18
9.3389e+18
1.38389e+18
1.38389e+18
9.3389e+18
1.38389e+18
9.3389e+18
1.38389e+18
1.38389e+18
1.38389e+18
9.3389e+18
1.38389e+18
1.38389e+18
9.3389e+18
done


Running command iteration 148...
8.61973e+18
1.73443e+19
1.52174e+19
1.53969e+19
1.57052e+19
1.53969e+19
1.53969e+19
1.57052e+19
1.53969e+19
1.57052e+19
1.53969e+19
1.57052e+19
1.53969e+19
1.57052e+19
1.53969e+19
1.57052e+19
1.53969e+19
1.53969e+19
1.57052e+19
1.53969e+19
1.73443e+19
1.57052e+19
1.73443e+19
1.73443e+19
1.57052e+19
1.73443e+19
1.73443e+19
1.57052e+19
1.73443e+19
1.57052e+19
1.73443e+19
1.57052e+19
1.57052e+19
1.73443e+19
1.57052e+19
1.73443e+19
1.57052e+19
1.73443e+19
1.57052e+19
1.73443e+19
1.57052e+19
1.73443e+19
1.57052e+19
1.73443e+19
1.57052e+19
done


Running command iteration 149...
3.33935e+18
1.04521e+19
8.60321e+18
1.29205e+19
1.24845e+19
1.24845e+19
1.24845e+19
1.29205e+19
1.24845e+19
1.24845e+19
1.29205e+19
1.24845e+19
1.24845e+19
1.29205e+19
1.24845e+19
1.29205e+19
1.24845e+19
1.24845e+19
1.24845e+19
1.29205e+19
1.24845e+19
1.24845e+19
1.24845e+19
1.29205e+19
1.24845e+19
1.24845e+19
1.29205e+19
1.24845e+19
1.29205e+19
1.24845e+19
1.24845e+19
1.29205e+19
1.24845e+19
1.29205e+19
1.29205e+19
1.24845e+19
1.24845e+19
1.29205e+19
1.24845e+19
1.29205e+19
1.24845e+19
1.24845e+19
1.29205e+19
1.04521e+19
1.24845e+19
done


Running command iteration 150...
1.24079e+19
3.77275e+18
1.24289e+19
9.12954e+18
9.12954e+18
9.12954e+18
8.00032e+18
9.12954e+18
8.00032e+18
9.12954e+18
3.77275e+18
3.77275e+18
8.00032e+18
3.77275e+18
9.12954e+18
8.00032e+18
9.12954e+18
8.00032e+18
9.12954e+18
8.00032e+18
9.12954e+18
8.00032e+18
9.12954e+18
8.00032e+18
9.12954e+18
8.00032e+18
9.12954e+18
1.24289e+19
8.00032e+18
9.12954e+18
8.00032e+18
9.12954e+18
8.00032e+18
8.00032e+18
9.12954e+18
3.77275e+18
8.00032e+18
8.00032e+18
3.77275e+18
9.12954e+18
8.00032e+18
3.77275e+18
9.12954e+18
8.00032e+18
3.77275e+18
done


Running command iteration 151...
1.00428e+18
5.39504e+18
1.74895e+18
5.34888e+17
6.22666e+18
5.34888e+17
5.34888e+17
6.22666e+18
5.34888e+17
6.22666e+18
5.34888e+17
5.34888e+17
6.22666e+18
5.34888e+17
5.34888e+17
6.22666e+18
5.34888e+17
6.22666e+18
5.34888e+17
6.22666e+18
5.34888e+17
6.22666e+18
5.34888e+17
5.34888e+17
6.22666e+18
5.34888e+17
6.22666e+18
5.34888e+17
6.22666e+18
5.34888e+17
6.22666e+18
5.34888e+17
6.22666e+18
5.34888e+17
6.22666e+18
5.34888e+17
6.22666e+18
5.34888e+17
6.22666e+18
5.34888e+17
6.22666e+18
5.34888e+17
6.22666e+18
5.34888e+17
6.22666e+18
done


Running command iteration 152...
7.41421e+17
1.49773e+19
2.33018e+18
2.33018e+18
2.78017e+18
2.78017e+18
1.70256e+19
2.78017e+18
2.78017e+18
1.70256e+19
1.70256e+19
2.78017e+18
1.70256e+19
2.78017e+18
1.70256e+19
2.78017e+18
1.49773e+19
1.70256e+19
2.78017e+18
1.70256e+19
2.78017e+18
1.70256e+19
2.78017e+18
1.70256e+19
2.78017e+18
1.70256e+19
2.78017e+18
1.70256e+19
2.78017e+18
1.70256e+19
1.70256e+19
2.78017e+18
1.70256e+19
2.78017e+18
1.70256e+19
1.70256e+19
2.78017e+18
1.70256e+19
2.78017e+18
1.70256e+19
2.78017e+18
1.70256e+19
2.78017e+18
1.70256e+19
2.78017e+18
done


Running command iteration 153...
4.51189e+18
1.76399e+19
1.70735e+19
1.66739e+19
4.92136e+18
1.66739e+19
4.92136e+18
1.66739e+19
1.66739e+19
4.92136e+18
4.92136e+18
1.66739e+19
4.92136e+18
1.66739e+19
4.92136e+18
1.66739e+19
4.92136e+18
1.66739e+19
4.92136e+18
1.66739e+19
1.66739e+19
4.92136e+18
1.66739e+19
1.66739e+19
4.92136e+18
1.66739e+19
4.92136e+18
1.66739e+19
4.92136e+18
1.66739e+19
4.92136e+18
1.66739e+19
4.92136e+18
1.66739e+19
4.92136e+18
1.66739e+19
4.92136e+18
1.66739e+19
1.66739e+19
4.92136e+18
1.66739e+19
1.66739e+19
4.92136e+18
1.70735e+19
1.66739e+19
done


Running command iteration 154...
1.5919e+19
7.12713e+18
1.35514e+19
1.01666e+18
7.70395e+18
7.70395e+18
1.35514e+19
7.70395e+18
7.70395e+18
7.70395e+18
7.70395e+18
7.70395e+18
1.35514e+19
7.70395e+18
7.70395e+18
7.70395e+18
7.70395e+18
7.70395e+18
1.35514e+19
7.70395e+18
7.70395e+18
7.70395e+18
7.70395e+18
1.35514e+19
7.70395e+18
7.70395e+18
7.70395e+18
1.35514e+19
7.70395e+18
7.70395e+18
7.70395e+18
7.70395e+18
1.35514e+19
1.35514e+19
1.35514e+19
1.35514e+19
7.12713e+18
1.35514e+19
7.12713e+18
1.35514e+19
7.12713e+18
1.35514e+19
7.12713e+18
1.35514e+19
7.12713e+18
done


Running command iteration 155...
1.12693e+19
5.99965e+18
1.78151e+19
1.77676e+19
1.77676e+19
1.82358e+19
1.77676e+19
1.82358e+19
1.77676e+19
1.82358e+19
1.82358e+19
1.77676e+19
1.82358e+19
1.77676e+19
1.82358e+19
1.77676e+19
1.82358e+19
1.77676e+19
1.82358e+19
1.77676e+19
1.82358e+19
1.77676e+19
1.82358e+19
1.77676e+19
1.77676e+19
1.82358e+19
1.77676e+19
1.82358e+19
1.77676e+19
1.82358e+19
1.77676e+19
1.82358e+19
1.77676e+19
1.82358e+19
1.77676e+19
1.82358e+19
1.82358e+19
1.77676e+19
1.82358e+19
1.77676e+19
1.82358e+19
1.77676e+19
1.77676e+19
1.82358e+19
1.77676e+19
done


Running command iteration 156...
1.1422e+18
9.879e+18
3.27387e+18
1.14968e+19
1.14968e+19
1.4104e+19
1.14968e+19
1.4104e+19
1.14968e+19
1.14968e+19
1.14968e+19
1.14968e+19
1.4104e+19
1.14968e+19
1.4104e+19
1.14968e+19
1.14968e+19
1.14968e+19
1.4104e+19
1.14968e+19
1.4104e+19
1.14968e+19
1.14968e+19
1.4104e+19
1.14968e+19
1.4104e+19
1.14968e+19
1.4104e+19
1.14968e+19
1.4104e+19
1.4104e+19
1.14968e+19
1.14968e+19
1.4104e+19
1.14968e+19
1.4104e+19
1.14968e+19
1.4104e+19
1.14968e+19
1.4104e+19
1.14968e+19
1.4104e+19
1.14968e+19
1.4104e+19
1.14968e+19
done


Running command iteration 157...
1.07571e+19
6.41136e+18
8.56839e+18
4.13966e+18
1.3192e+19
1.3192e+19
4.13966e+18
1.3192e+19
4.13966e+18
1.3192e+19
4.13966e+18
1.3192e+19
1.3192e+19
4.13966e+18
1.3192e+19
4.13966e+18
1.3192e+19
4.13966e+18
4.13966e+18
1.3192e+19
4.13966e+18
1.3192e+19
4.13966e+18
1.3192e+19
4.13966e+18
1.3192e+19
4.13966e+18
1.3192e+19
4.13966e+18
1.3192e+19
1.3192e+19
1.3192e+19
4.13966e+18
1.3192e+19
4.13966e+18
1.3192e+19
4.13966e+18
1.3192e+19
4.13966e+18
1.3192e+19
4.13966e+18
1.3192e+19
4.13966e+18
1.3192e+19
4.13966e+18
done


Running command iteration 158...
9.54108e+18
2.45362e+18
1.1994e+19
7.22384e+18
7.22384e+18
7.22384e+18
7.22384e+18
1.31683e+19
7.22384e+18
7.22384e+18
1.31683e+19
1.31683e+19
7.22384e+18
1.31683e+19
7.22384e+18
1.31683e+19
7.22384e+18
1.31683e+19
7.22384e+18
1.31683e+19
1.31683e+19
7.22384e+18
1.31683e+19
1.31683e+19
7.22384e+18
1.31683e+19
1.31683e+19
7.22384e+18
1.31683e+19
1.31683e+19
7.22384e+18
1.31683e+19
1.31683e+19
1.31683e+19
7.22384e+18
1.31683e+19
1.31683e+19
7.22384e+18
1.31683e+19
1.31683e+19
1.31683e+19
7.22384e+18
1.31683e+19
7.22384e+18
1.31683e+19
done


Running command iteration 159...
4.47272e+18
1.78715e+19
9.56064e+17
5.83506e+18
5.83506e+18
5.83506e+18
5.83506e+18
5.83506e+18
6.27905e+16
5.83506e+18
6.27905e+16
5.83506e+18
5.83506e+18
6.27905e+16
5.83506e+18
5.83506e+18
6.27905e+16
5.83506e+18
6.27905e+16
5.83506e+18
6.27905e+16
5.83506e+18
5.83506e+18
6.27905e+16
5.83506e+18
5.83506e+18
6.27905e+16
5.83506e+18
5.83506e+18
6.27905e+16
5.83506e+18
5.83506e+18
6.27905e+16
1.78715e+19
5.83506e+18
1.78715e+19
5.83506e+18
1.78715e+19
6.27905e+16
1.78715e+19
1.78715e+19
6.27905e+16
1.78715e+19
1.78715e+19
6.27905e+16
done


Running command iteration 160...
1.2042e+19
1.46774e+19
1.77197e+19
1.77197e+19
9.36017e+18
9.36017e+18
1.2838e+19
9.36017e+18
1.2838e+19
9.36017e+18
1.2838e+19
9.36017e+18
1.2838e+19
9.36017e+18
1.2838e+19
1.2838e+19
9.36017e+18
1.2838e+19
1.2838e+19
9.36017e+18
1.2838e+19
1.2838e+19
9.36017e+18
1.2838e+19
9.36017e+18
1.2838e+19
1.2838e+19
9.36017e+18
1.2838e+19
1.2838e+19
9.36017e+18
1.2838e+19
1.2838e+19
9.36017e+18
1.2838e+19
1.2838e+19
9.36017e+18
1.2838e+19
1.2838e+19
9.36017e+18
1.2838e+19
9.36017e+18
1.2838e+19
9.36017e+18
1.2838e+19
done


Running command iteration 161...
1.40127e+18
1.67847e+19
2.9859e+18
1.29703e+19
4.92414e+18
1.29703e+19
4.92414e+18
1.29703e+19
4.92414e+18
1.29703e+19
4.92414e+18
1.29703e+19
4.92414e+18
1.29703e+19
4.92414e+18
1.29703e+19
4.92414e+18
1.29703e+19
4.92414e+18
1.29703e+19
4.92414e+18
1.29703e+19
4.92414e+18
1.29703e+19
1.67847e+19
4.92414e+18
1.67847e+19
1.67847e+19
1.29703e+19
1.67847e+19
4.92414e+18
2.9859e+18
1.67847e+19
1.29703e+19
1.67847e+19
2.9859e+18
4.92414e+18
2.9859e+18
2.9859e+18
4.92414e+18
1.29703e+19
2.9859e+18
2.9859e+18
2.9859e+18
2.9859e+18
done


Running command iteration 162...
1.17456e+19
1.23093e+19
6.43306e+18
8.28987e+18
7.05802e+18
7.05802e+18
8.28987e+18
7.05802e+18
7.05802e+18
8.28987e+18
7.05802e+18
7.05802e+18
8.28987e+18
8.28987e+18
7.05802e+18
8.28987e+18
7.05802e+18
8.28987e+18
7.05802e+18
8.28987e+18
7.05802e+18
8.28987e+18
7.05802e+18
8.28987e+18
7.05802e+18
7.05802e+18
7.05802e+18
8.28987e+18
8.28987e+18
7.05802e+18
8.28987e+18
7.05802e+18
8.28987e+18
7.05802e+18
8.28987e+18
7.05802e+18
8.28987e+18
7.05802e+18
8.28987e+18
7.05802e+18
8.28987e+18
7.05802e+18
8.28987e+18
7.05802e+18
8.28987e+18
done


Running command iteration 163...
3.74617e+18
5.78655e+18
3.07025e+18
6.86525e+18
9.3449e+18
3.07025e+18
6.86525e+18
3.07025e+18
6.86525e+18
3.07025e+18
6.86525e+18
3.07025e+18
6.86525e+18
3.07025e+18
6.86525e+18
3.07025e+18
6.86525e+18
3.07025e+18
6.86525e+18
3.07025e+18
5.78655e+18
6.86525e+18
6.86525e+18
3.07025e+18
6.86525e+18
3.07025e+18
6.86525e+18
3.07025e+18
6.86525e+18
3.07025e+18
6.86525e+18
6.86525e+18
3.07025e+18
3.07025e+18
6.86525e+18
3.07025e+18
6.86525e+18
3.07025e+18
6.86525e+18
6.86525e+18
3.07025e+18
3.07025e+18
6.86525e+18
5.78655e+18
3.07025e+18
done


Running command iteration 164...
1.22339e+19
1.00461e+19
7.56238e+18
1.17084e+19
1.72943e+19
1.17084e+19
1.72943e+19
1.17084e+19
1.72943e+19
1.17084e+19
1.72943e+19
1.17084e+19
1.72943e+19
1.17084e+19
1.72943e+19
1.17084e+19
1.72943e+19
1.17084e+19
1.72943e+19
1.17084e+19
1.72943e+19
1.00461e+19
1.72943e+19
1.17084e+19
1.00461e+19
1.72943e+19
1.00461e+19
1.17084e+19
1.00461e+19
1.72943e+19
1.00461e+19
1.17084e+19
1.00461e+19
1.00461e+19
1.00461e+19
1.17084e+19
1.00461e+19
1.00461e+19
1.17084e+19
1.00461e+19
1.00461e+19
7.56238e+18
1.00461e+19
7.56238e+18
7.56238e+18
done


Running command iteration 165...
1.25117e+19
1.08887e+19
1.49401e+19
3.30147e+18
3.30147e+18
3.30147e+18
8.9104e+18
3.30147e+18
3.30147e+18
3.30147e+18
8.9104e+18
3.30147e+18
3.30147e+18
8.9104e+18
3.30147e+18
8.9104e+18
3.30147e+18
8.9104e+18
3.30147e+18
8.9104e+18
3.30147e+18
8.9104e+18
3.30147e+18
8.9104e+18
3.30147e+18
8.9104e+18
3.30147e+18
8.9104e+18
3.30147e+18
3.30147e+18
8.9104e+18
3.30147e+18
8.9104e+18
3.30147e+18
8.9104e+18
3.30147e+18
8.9104e+18
3.30147e+18
8.9104e+18
3.30147e+18
8.9104e+18
3.30147e+18
8.9104e+18
3.30147e+18
8.9104e+18
done


Running command iteration 166...
7.99948e+18
1.17287e+19
1.66653e+19
4.37557e+18
1.66653e+19
9.2588e+18
4.37557e+18
9.2588e+18
4.37557e+18
4.37557e+18
9.2588e+18
4.37557e+18
4.37557e+18
9.2588e+18
4.37557e+18
4.37557e+18
9.2588e+18
4.37557e+18
9.2588e+18
4.37557e+18
4.37557e+18
9.2588e+18
4.37557e+18
4.37557e+18
9.2588e+18
4.37557e+18
4.37557e+18
9.2588e+18
4.37557e+18
9.2588e+18
4.37557e+18
4.37557e+18
9.2588e+18
1.17287e+19
4.37557e+18
9.2588e+18
1.17287e+19
1.17287e+19
9.2588e+18
1.17287e+19
1.17287e+19
9.2588e+18
1.17287e+19
9.2588e+18
1.17287e+19
done


Running command iteration 167...
5.63847e+18
3.76948e+18
1.15131e+19
1.15131e+19
1.25758e+19
5.26735e+18
1.15131e+19
5.26735e+18
5.26735e+18
1.15131e+19
5.26735e+18
1.15131e+19
5.26735e+18
1.15131e+19
5.26735e+18
5.26735e+18
1.15131e+19
5.26735e+18
1.15131e+19
5.26735e+18
1.15131e+19
5.26735e+18
5.26735e+18
5.26735e+18
5.26735e+18
1.15131e+19
5.26735e+18
1.15131e+19
5.26735e+18
1.15131e+19
5.26735e+18
1.15131e+19
5.26735e+18
1.15131e+19
5.26735e+18
1.15131e+19
5.26735e+18
5.26735e+18
5.26735e+18
5.26735e+18
1.15131e+19
5.26735e+18
1.15131e+19
5.26735e+18
3.76948e+18
done


Running command iteration 168...
8.93849e+18
1.14695e+19
1.64862e+19
1.40591e+18
3.8622e+18
1.64862e+19
3.8622e+18
1.64862e+19
3.8622e+18
1.64862e+19
3.8622e+18
1.64862e+19
3.8622e+18
1.64862e+19
3.8622e+18
1.14695e+19
1.64862e+19
3.8622e+18
1.64862e+19
3.8622e+18
1.64862e+19
3.8622e+18
1.64862e+19
3.8622e+18
1.64862e+19
3.8622e+18
1.64862e+19
3.8622e+18
1.64862e+19
3.8622e+18
1.64862e+19
3.8622e+18
1.64862e+19
3.8622e+18
1.64862e+19
3.8622e+18
1.64862e+19
3.8622e+18
1.14695e+19
1.14695e+19
3.8622e+18
3.8622e+18
1.14695e+19
1.64862e+19
3.8622e+18
done


Running command iteration 169...
4.30966e+18
4.7945e+18
3.49204e+18
1.82735e+18
1.82735e+18
6.41494e+18
1.82735e+18
6.41494e+18
6.41494e+18
1.82735e+18
6.41494e+18
1.82735e+18
6.41494e+18
6.41494e+18
1.82735e+18
6.41494e+18
1.82735e+18
6.41494e+18
1.82735e+18
6.41494e+18
1.82735e+18
6.41494e+18
1.82735e+18
6.41494e+18
1.82735e+18
6.41494e+18
1.82735e+18
6.41494e+18
1.82735e+18
6.41494e+18
1.82735e+18
6.41494e+18
1.82735e+18
6.41494e+18
1.82735e+18
6.41494e+18
1.82735e+18
6.41494e+18
1.82735e+18
6.41494e+18
1.82735e+18
6.41494e+18
1.82735e+18
6.41494e+18
1.82735e+18
done


Running command iteration 170...
1.13645e+19
6.66829e+18
1.71922e+19
1.71922e+19
5.60767e+18
5.52815e+18
5.60767e+18
5.52815e+18
5.60767e+18
5.52815e+18
5.60767e+18
5.52815e+18
5.60767e+18
5.52815e+18
5.60767e+18
5.52815e+18
5.60767e+18
5.52815e+18
5.60767e+18
5.60767e+18
5.60767e+18
5.52815e+18
5.60767e+18
5.60767e+18
6.66829e+18
5.52815e+18
6.66829e+18
5.60767e+18
6.66829e+18
5.60767e+18
5.52815e+18
6.66829e+18
5.60767e+18
5.52815e+18
5.60767e+18
6.66829e+18
5.52815e+18
6.66829e+18
5.60767e+18
5.52815e+18
6.66829e+18
5.60767e+18
5.52815e+18
5.60767e+18
6.66829e+18
done


Running command iteration 171...
1.43713e+19
1.62583e+19
7.50787e+18
1.40455e+17
7.17877e+18
1.40455e+17
7.17877e+18
7.17877e+18
1.40455e+17
7.17877e+18
1.40455e+17
1.40455e+17
7.17877e+18
1.40455e+17
7.17877e+18
1.40455e+17
7.17877e+18
7.17877e+18
7.17877e+18
1.40455e+17
7.17877e+18
1.40455e+17
1.40455e+17
7.17877e+18
7.17877e+18
1.40455e+17
7.17877e+18
1.40455e+17
7.17877e+18
7.17877e+18
1.40455e+17
7.17877e+18
1.40455e+17
7.17877e+18
1.40455e+17
7.17877e+18
7.17877e+18
1.40455e+17
7.17877e+18
1.40455e+17
7.17877e+18
1.40455e+17
7.17877e+18
1.40455e+17
7.17877e+18
done


Running command iteration 172...
6.97648e+18
1.09286e+19
8.25197e+18
6.74968e+18
2.70208e+18
6.74968e+18
6.74968e+18
2.70208e+18
6.74968e+18
2.70208e+18
6.74968e+18
2.70208e+18
6.74968e+18
6.74968e+18
6.74968e+18
2.70208e+18
6.74968e+18
6.74968e+18
2.70208e+18
6.74968e+18
6.74968e+18
2.70208e+18
6.74968e+18
6.74968e+18
6.74968e+18
2.70208e+18
6.74968e+18
6.74968e+18
2.70208e+18
6.74968e+18
2.70208e+18
6.74968e+18
2.70208e+18
2.70208e+18
6.74968e+18
2.70208e+18
6.74968e+18
2.70208e+18
6.74968e+18
6.74968e+18
2.70208e+18
6.74968e+18
2.70208e+18
6.74968e+18
2.70208e+18
done


Running command iteration 173...
5.1573e+18
1.61379e+19
1.36664e+19
3.95442e+17
1.15763e+19
1.36664e+19
1.36664e+19
1.15763e+19
1.36664e+19
1.15763e+19
1.36664e+19
1.15763e+19
1.36664e+19
1.15763e+19
1.15763e+19
1.36664e+19
1.15763e+19
1.15763e+19
1.36664e+19
1.15763e+19
1.15763e+19
1.36664e+19
1.15763e+19
1.15763e+19
1.36664e+19
1.15763e+19
1.15763e+19
1.36664e+19
1.15763e+19
1.36664e+19
1.15763e+19
1.15763e+19
1.15763e+19
1.36664e+19
1.15763e+19
1.15763e+19
1.36664e+19
1.15763e+19
1.15763e+19
1.36664e+19
1.15763e+19
1.36664e+19
1.15763e+19
1.15763e+19
1.36664e+19
done


Running command iteration 174...
1.74767e+19
6.82379e+18
2.49366e+18
1.29852e+19
1.77949e+19
1.77949e+19
1.77949e+19
1.77949e+19
2.49366e+18
1.77949e+19
1.77949e+19
2.49366e+181.77949e+19

1.77949e+19
1.77949e+19
2.49366e+18
1.77949e+19
1.77949e+19
6.82379e+18
1.77949e+19
6.82379e+18
1.77949e+19
6.82379e+18
1.77949e+19
6.82379e+18
6.82379e+18
1.77949e+19
6.82379e+18
1.77949e+19
1.77949e+19
6.82379e+18
1.77949e+19
6.82379e+18
6.82379e+18
1.77949e+19
6.82379e+18
1.77949e+19
6.82379e+18
6.82379e+18
1.77949e+19
6.82379e+18
6.82379e+18
6.82379e+18
6.82379e+18
1.77949e+19
done


Running command iteration 175...
8.17662e+18
3.89819e+17
8.50795e+18
1.22896e+19
1.22896e+19
6.17437e+16
1.22896e+19
1.22896e+19
1.22896e+19
6.17437e+16
1.22896e+19
1.22896e+19
6.17437e+16
1.22896e+19
1.22896e+19
1.22896e+19
1.22896e+19
1.22896e+19
6.17437e+16
1.22896e+19
1.22896e+19
6.17437e+16
6.17437e+16
1.22896e+19
6.17437e+16
1.22896e+19
6.17437e+16
1.22896e+19
6.17437e+16
6.17437e+16
1.22896e+19
6.17437e+16
1.22896e+19
1.22896e+19
6.17437e+16
6.17437e+16
1.22896e+19
6.17437e+16
1.22896e+19
6.17437e+16
1.22896e+19
6.17437e+16
1.22896e+19
3.89819e+17
6.17437e+16
done


Running command iteration 176...
1.61425e+19
6.25384e+18
1.42164e+19
1.77278e+19
1.77278e+19
1.77278e+19
1.36431e+18
1.77278e+19
1.36431e+18
1.77278e+19
1.36431e+18
1.77278e+19
1.36431e+18
1.77278e+19
1.36431e+18
1.77278e+19
1.36431e+18
1.77278e+19
1.77278e+19
1.36431e+18
1.77278e+19
1.36431e+18
1.77278e+19
1.77278e+19
1.36431e+18
1.77278e+19
1.36431e+18
1.77278e+19
1.36431e+18
1.77278e+19
1.36431e+18
1.77278e+19
1.36431e+18
1.77278e+19
1.36431e+18
1.77278e+19
1.36431e+18
1.77278e+19
1.36431e+18
1.77278e+19
1.36431e+18
1.77278e+19
1.36431e+18
1.77278e+19
1.36431e+18
done


Running command iteration 177...
7.53182e+18
1.81111e+19
1.65398e+17
1.42865e+19
1.58114e+19
1.42865e+19
1.42865e+19
1.58114e+19
1.42865e+19
1.58114e+19
1.42865e+19
1.58114e+19
1.42865e+19
1.58114e+19
1.42865e+19
1.58114e+19
1.42865e+19
1.58114e+19
1.42865e+19
1.58114e+19
1.42865e+19
1.58114e+19
1.42865e+19
1.42865e+19
1.42865e+19
1.58114e+19
1.42865e+19
1.58114e+19
1.42865e+19
1.58114e+19
1.42865e+19
1.58114e+19
1.58114e+19
1.42865e+19
1.58114e+19
1.58114e+19
1.42865e+19
1.58114e+19
1.42865e+19
1.58114e+19
1.42865e+19
1.58114e+19
1.42865e+19
1.58114e+19
1.42865e+19
done


Running command iteration 178...
2.16734e+18
2.48321e+18
8.86009e+18
1.35379e+19
1.5383e+19
1.5383e+19
1.35379e+19
1.5383e+19
1.35379e+19
1.5383e+19
1.5383e+19
1.35379e+19
1.5383e+19
1.35379e+19
1.35379e+19
1.5383e+19
1.35379e+19
1.5383e+19
1.35379e+19
1.5383e+19
1.35379e+19
1.5383e+19
1.35379e+19
1.5383e+19
1.35379e+19
1.5383e+19
1.5383e+19
1.35379e+19
1.5383e+19
1.5383e+19
1.35379e+19
1.5383e+19
1.5383e+19
1.35379e+19
1.5383e+19
1.35379e+19
1.5383e+19
1.5383e+19
1.35379e+19
1.5383e+19
1.5383e+19
1.35379e+19
1.5383e+19
1.5383e+19
1.35379e+19
done


Running command iteration 179...
9.8396e+18
7.87613e+18
8.0535e+18
1.43613e+18
2.30323e+18
1.43613e+18
2.30323e+18
1.43613e+18
2.30323e+18
1.43613e+18
2.30323e+18
1.43613e+18
2.30323e+18
1.43613e+18
2.30323e+18
1.43613e+18
2.30323e+18
1.43613e+18
2.30323e+18
1.43613e+18
2.30323e+18
1.43613e+18
2.30323e+18
1.43613e+18
2.30323e+18
1.43613e+18
2.30323e+18
1.43613e+18
2.30323e+18
1.43613e+18
2.30323e+18
1.43613e+18
2.30323e+18
1.43613e+18
2.30323e+18
1.43613e+18
2.30323e+18
1.43613e+18
2.30323e+18
1.43613e+18
2.30323e+18
1.43613e+18
1.43613e+18
2.30323e+18
1.43613e+18
done


Running command iteration 180...
3.5836e+18
5.0005e+18
1.38676e+19
8.08162e+18
8.08162e+18
5.25004e+18
8.08162e+18
8.08162e+18
5.25004e+18
8.08162e+18
5.25004e+18
8.08162e+18
5.25004e+18
5.25004e+18
8.08162e+18
5.25004e+18
5.25004e+18
8.08162e+18
5.25004e+18
8.08162e+18
5.25004e+18
8.08162e+18
8.08162e+18
5.25004e+18
5.25004e+18
5.25004e+18
8.08162e+18
5.25004e+18
8.08162e+18
5.25004e+18
8.08162e+18
5.25004e+18
5.25004e+18
8.08162e+18
5.25004e+18
8.08162e+18
5.25004e+18
8.08162e+18
5.25004e+18
8.08162e+18
5.25004e+18
8.08162e+18
5.25004e+18
5.25004e+18
8.08162e+18
done


Running command iteration 181...
1.31632e+19
9.48221e+18
4.48931e+18
3.19161e+18
6.6971e+18
3.19161e+18
6.6971e+18
3.19161e+18
3.19161e+18
3.19161e+18
6.6971e+18
3.19161e+18
6.6971e+18
3.19161e+18
6.6971e+18
3.19161e+18
9.48221e+18
3.19161e+18
9.48221e+18
6.6971e+18
9.48221e+18
9.48221e+18
9.48221e+18
6.6971e+18
9.48221e+18
9.48221e+18
6.6971e+18
9.48221e+18
9.48221e+18
6.6971e+18
9.48221e+18
9.48221e+18
9.48221e+18
6.6971e+18
9.48221e+18
9.48221e+18
9.48221e+18
6.6971e+189.48221e+18

9.48221e+18
6.6971e+18
9.48221e+18
9.48221e+18
6.6971e+18
9.48221e+18
done


Running command iteration 182...
1.6405e+19
6.76236e+18
9.88795e+18
1.75582e+19
8.83153e+18
1.75582e+19
8.83153e+18
1.75582e+19
1.75582e+19
8.83153e+18
1.75582e+19
6.76236e+18
8.83153e+18
1.75582e+19
6.76236e+18
8.83153e+18
6.76236e+18
8.83153e+18
6.76236e+18
8.83153e+18
6.76236e+18
8.83153e+18
9.88795e+18
6.76236e+18
8.83153e+18
9.88795e+18
8.83153e+18
9.88795e+18
8.83153e+18
9.88795e+18
8.83153e+18
9.88795e+18
8.83153e+18
9.88795e+18
8.83153e+18
9.88795e+18
8.83153e+18
8.83153e+18
9.88795e+18
8.83153e+18
9.88795e+18
8.83153e+18
6.76236e+18
8.83153e+18
9.88795e+18
done


Running command iteration 183...
9.06967e+18
1.30484e+19
4.9867e+18
1.06655e+19
1.06655e+19
1.19435e+19
1.06655e+19
1.06655e+19
1.19435e+19
1.06655e+19
1.19435e+19
1.06655e+19
1.19435e+19
1.06655e+19
1.19435e+19
1.06655e+19
1.06655e+19
1.30484e+19
1.19435e+19
1.30484e+19
1.19435e+19
1.30484e+19
1.19435e+19
1.30484e+19
1.19435e+19
1.19435e+19
1.30484e+19
1.19435e+19
1.30484e+19
1.19435e+19
1.19435e+19
1.30484e+19
1.19435e+19
1.30484e+19
1.19435e+19
1.30484e+19
1.19435e+19
1.30484e+19
1.19435e+19
1.30484e+19
1.19435e+19
1.30484e+19
1.19435e+19
1.30484e+19
4.9867e+18
done


Running command iteration 184...
1.5798e+19
8.50876e+18
1.51575e+19
1.964e+18
1.964e+18
1.56531e+19
1.964e+18
1.964e+18
1.56531e+19
1.964e+18
1.964e+18
1.56531e+19
1.964e+18
1.964e+18
1.56531e+19
1.964e+18
1.964e+18
1.964e+18
1.56531e+19
1.964e+18
1.964e+18
1.56531e+19
1.964e+18
1.964e+18
1.964e+18
1.56531e+19
1.964e+18
1.964e+18
1.964e+18
1.56531e+19
1.964e+18
1.56531e+19
1.964e+18
1.56531e+19
1.964e+18
1.56531e+19
1.964e+18
1.56531e+19
1.964e+18
1.964e+18
1.56531e+19
1.964e+18
8.50876e+18
1.56531e+19
1.964e+18
done


Running command iteration 185...
7.36099e+18
1.83857e+19
1.43805e+19
5.27878e+18
1.2834e+19
1.2834e+19
5.27878e+18
1.2834e+19
1.2834e+19
1.2834e+19
5.27878e+18
1.2834e+19
1.2834e+19
1.2834e+19
1.2834e+19
5.27878e+18
1.2834e+19
1.2834e+19
1.2834e+19
5.27878e+18
1.2834e+19
1.2834e+19
1.2834e+19
1.2834e+19
5.27878e+18
1.2834e+19
5.27878e+18
1.2834e+19
1.2834e+19
5.27878e+18
1.2834e+19
5.27878e+18
1.2834e+19
5.27878e+18
1.2834e+19
5.27878e+18
5.27878e+18
5.27878e+18
1.2834e+19
5.27878e+18
5.27878e+18
1.2834e+19
5.27878e+18
5.27878e+18
1.2834e+19
done


Running command iteration 186...
5.38702e+18
1.16909e+18
4.32288e+18
3.92102e+18
1.73767e+19
1.73767e+19
3.92102e+18
1.73767e+19
1.73767e+19
3.92102e+18
1.73767e+19
1.73767e+19
1.73767e+19
3.92102e+18
1.73767e+19
3.92102e+18
1.73767e+19
3.92102e+18
1.73767e+19
1.73767e+19
3.92102e+18
1.73767e+19
1.73767e+19
3.92102e+18
1.73767e+19
1.73767e+19
1.73767e+19
3.92102e+18
1.73767e+19
1.73767e+19
3.92102e+18
1.73767e+19
1.73767e+19
3.92102e+18
1.73767e+19
3.92102e+18
1.73767e+19
1.73767e+19
3.92102e+18
1.73767e+19
3.92102e+18
1.73767e+19
1.16909e+18
3.92102e+18
1.73767e+19
done


Running command iteration 187...
1.0469e+18
1.15479e+18
6.82823e+18
8.40647e+18
1.09924e+19
8.40647e+18
8.40647e+18
1.09924e+19
8.40647e+18
1.09924e+19
1.09924e+19
8.40647e+18
1.09924e+19
8.40647e+18
1.09924e+19
8.40647e+18
1.09924e+19
8.40647e+18
1.09924e+19
8.40647e+18
1.09924e+19
8.40647e+18
1.09924e+19
8.40647e+18
1.09924e+19
8.40647e+18
8.40647e+18
1.09924e+19
8.40647e+18
1.09924e+19
8.40647e+18
8.40647e+18
1.09924e+19
8.40647e+18
1.09924e+19
8.40647e+18
1.09924e+19
8.40647e+18
1.09924e+19
8.40647e+18
1.09924e+19
8.40647e+18
1.09924e+19
8.40647e+18
1.09924e+19
done


Running command iteration 188...
1.82895e+19
9.56172e+17
1.57161e+19
7.73184e+18
7.73184e+18
7.73184e+18
7.73184e+18
7.73184e+18
1.12996e+19
1.12996e+19
7.73184e+18
1.12996e+19
7.73184e+18
1.12996e+19
7.73184e+18
1.12996e+19
1.12996e+19
9.56172e+17
7.73184e+18
1.12996e+19
9.56172e+17
1.12996e+19
9.56172e+17
7.73184e+18
9.56172e+17
9.56172e+17
7.73184e+18
9.56172e+17
9.56172e+17
7.73184e+18
9.56172e+17
9.56172e+17
7.73184e+18
9.56172e+17
9.56172e+17
7.73184e+18
9.56172e+17
7.73184e+18
9.56172e+17
7.73184e+18
9.56172e+17
7.73184e+18
9.56172e+17
7.73184e+18
9.56172e+17
done


Running command iteration 189...
1.01141e+18
1.48014e+19
3.84755e+18
9.07233e+18
9.07233e+18
8.07403e+18
9.07233e+18
8.07403e+18
9.07233e+18
8.07403e+18
9.07233e+18
8.07403e+18
9.07233e+18
8.07403e+18
9.07233e+18
8.07403e+18
9.07233e+18
8.07403e+18
9.07233e+18
8.07403e+18
9.07233e+18
8.07403e+18
9.07233e+18
8.07403e+18
9.07233e+18
8.07403e+18
9.07233e+188.07403e+18

9.07233e+18
8.07403e+18
9.07233e+18
8.07403e+18
9.07233e+18
8.07403e+18
9.07233e+18
8.07403e+18
9.07233e+18
8.07403e+18
9.07233e+18
8.07403e+18
9.07233e+18
8.07403e+18
9.07233e+18
8.07403e+18
9.07233e+18
done


Running command iteration 190...
1.53931e+19
1.54772e+19
1.6618e+19
1.17711e+19
1.34077e+19
1.17711e+19
1.34077e+19
1.34077e+19
1.17711e+19
1.34077e+19
1.34077e+19
1.17711e+19
1.34077e+19
1.34077e+19
1.17711e+19
1.34077e+19
1.17711e+19
1.34077e+19
1.17711e+19
1.34077e+19
1.17711e+19
1.34077e+19
1.17711e+19
1.34077e+19
1.17711e+19
1.34077e+19
1.17711e+19
1.34077e+19
1.17711e+19
1.34077e+19
1.17711e+19
1.34077e+19
1.17711e+19
1.34077e+19
1.17711e+19
1.34077e+19
1.34077e+19
1.17711e+19
1.34077e+19
1.17711e+19
1.34077e+19
1.17711e+19
1.17711e+19
1.34077e+19
1.17711e+19
done


Running command iteration 191...
1.49352e+19
1.78593e+19
2.769e+18
1.55864e+19
1.71517e+19
1.71517e+19
1.71517e+19
1.55864e+19
1.71517e+19
1.71517e+19
1.55864e+19
1.71517e+19
1.55864e+19
1.55864e+19
1.71517e+19
1.55864e+19
1.55864e+19
1.55864e+19
1.71517e+19
1.55864e+19
1.71517e+19
1.55864e+19
1.55864e+19
1.71517e+19
1.55864e+19
1.55864e+19
1.71517e+19
1.55864e+19
1.71517e+19
1.71517e+19
1.55864e+19
1.71517e+19
1.78593e+19
1.55864e+19
1.71517e+19
1.78593e+19
1.55864e+19
1.71517e+19
1.78593e+19
1.55864e+19
1.71517e+19
1.78593e+19
1.55864e+19
1.71517e+19
1.78593e+19
done


Running command iteration 192...
3.46075e+18
8.04999e+18
1.45403e+19
1.01841e+19
1.01841e+19
1.01841e+19
1.03459e+19
1.01841e+19
1.01841e+19
1.03459e+19
1.03459e+19
1.01841e+19
1.03459e+19
1.01841e+19
1.03459e+19
1.03459e+19
1.01841e+19
1.03459e+19
1.03459e+19
1.01841e+19
1.03459e+19
1.03459e+19
1.01841e+19
1.03459e+19
1.03459e+19
1.01841e+19
1.03459e+19
1.01841e+19
1.03459e+19
1.03459e+19
1.01841e+19
1.03459e+19
1.03459e+19
1.01841e+19
1.03459e+19
1.01841e+19
1.03459e+19
8.04999e+18
1.03459e+19
1.01841e+19
8.04999e+18
1.03459e+19
1.01841e+19
8.04999e+18
1.03459e+19
done


Running command iteration 193...
1.51936e+19
1.63447e+19
1.65152e+18
1.59878e+18
5.35224e+18
1.65152e+18
5.35224e+18
1.65152e+18
5.35224e+18
1.65152e+18
5.35224e+18
1.65152e+18
5.35224e+18
1.65152e+18
5.35224e+18
1.63447e+19
1.63447e+19
5.35224e+18
1.63447e+19
1.65152e+18
5.35224e+18
1.63447e+19
5.35224e+18
1.65152e+18
5.35224e+18
5.35224e+18
1.65152e+18
1.59878e+18
5.35224e+18
1.59878e+18
1.65152e+18
1.59878e+18
5.35224e+18
1.59878e+18
1.65152e+18
5.35224e+18
1.59878e+18
5.35224e+18
1.65152e+18
5.35224e+18
5.35224e+18
1.65152e+18
5.35224e+18
1.65152e+18
5.35224e+18
done


Running command iteration 194...
8.15919e+18
8.80546e+18
5.44795e+18
8.49374e+18
5.44795e+18
8.49374e+18
1.52342e+18
5.44795e+18
1.52342e+18
1.52342e+18
1.52342e+18
5.44795e+18
5.44795e+18
1.52342e+18
1.52342e+18
5.44795e+18
1.52342e+18
5.44795e+18
1.52342e+18
5.44795e+18
1.52342e+18
5.44795e+18
1.52342e+18
5.44795e+18
1.52342e+18
5.44795e+18
1.52342e+18
5.44795e+18
1.52342e+18
5.44795e+18
1.52342e+18
5.44795e+18
1.52342e+18
5.44795e+18
1.52342e+18
5.44795e+18
1.52342e+18
5.44795e+18
1.52342e+18
5.44795e+18
1.52342e+18
5.44795e+18
1.52342e+18
5.44795e+18
1.52342e+18
done


Running command iteration 195...
1.1888e+19
4.75386e+18
1.44761e+19
1.06378e+19
1.43728e+19
1.06378e+19
1.43728e+19
1.06378e+19
1.43728e+19
1.06378e+19
1.06378e+19
1.43728e+19
1.43728e+19
1.43728e+19
1.06378e+19
1.43728e+19
1.06378e+19
1.43728e+19
1.06378e+19
1.43728e+19
1.06378e+19
1.43728e+19
1.06378e+19
1.06378e+19
1.43728e+19
1.43728e+19
1.43728e+19
1.43728e+19
1.06378e+19
1.43728e+19
1.06378e+19
1.06378e+19
1.43728e+19
1.43728e+19
1.06378e+19
1.06378e+19
1.43728e+19
1.06378e+19
1.43728e+19
1.43728e+19
1.43728e+19
1.06378e+19
1.43728e+19
1.06378e+19
1.43728e+19
done


Running command iteration 196...
1.19353e+18
1.26238e+19
8.2106e+18
3.74817e+18
3.74817e+18
1.03134e+19
3.74817e+18
3.74817e+18
3.74817e+18
1.03134e+19
3.74817e+18
3.74817e+18
1.03134e+19
3.74817e+18
3.74817e+18
3.74817e+18
1.03134e+19
3.74817e+18
3.74817e+18
3.74817e+18
1.03134e+19
3.74817e+18
3.74817e+18
1.03134e+19
3.74817e+18
3.74817e+18
1.03134e+19
3.74817e+18
3.74817e+18
1.03134e+19
3.74817e+18
3.74817e+18
1.03134e+19
3.74817e+18
3.74817e+18
1.03134e+19
3.74817e+18
3.74817e+18
1.03134e+19
3.74817e+18
3.74817e+18
3.74817e+18
1.03134e+19
3.74817e+18
1.03134e+19
done


Running command iteration 197...
1.20394e+19
1.64941e+19
1.30124e+19
1.0546e+19
1.00777e+19
1.0546e+19
1.00777e+19
1.00777e+19
1.00777e+19
1.00777e+19
1.0546e+19
1.0546e+19
1.00777e+19
1.0546e+19
1.00777e+19
1.0546e+19
1.00777e+19
1.0546e+19
1.00777e+19
1.0546e+19
1.00777e+19
1.0546e+19
1.00777e+19
1.0546e+19
1.64941e+19
1.64941e+19
1.00777e+19
1.64941e+19
1.00777e+19
1.64941e+19
1.00777e+19
1.64941e+19
1.00777e+19
1.64941e+19
1.00777e+19
1.64941e+19
1.00777e+19
1.64941e+19
1.00777e+19
1.64941e+19
1.00777e+19
1.64941e+19
1.00777e+19
1.64941e+19
1.00777e+19
done


Running command iteration 198...
1.13464e+19
1.54836e+19
4.58753e+18
1.3107e+19
1.93341e+18
4.58753e+18
1.93341e+18
4.58753e+18
1.93341e+18
4.58753e+18
1.93341e+18
4.58753e+18
1.93341e+18
4.58753e+18
4.58753e+18
1.54836e+19
4.58753e+18
1.54836e+19
1.93341e+18
4.58753e+18
1.93341e+18
4.58753e+18
1.93341e+18
4.58753e+18
1.93341e+18
1.3107e+19
4.58753e+18
1.3107e+19
1.93341e+18
4.58753e+18
1.93341e+18
4.58753e+18
1.93341e+18
4.58753e+18
1.93341e+18
4.58753e+18
1.93341e+18
4.58753e+18
1.93341e+18
4.58753e+18
1.93341e+18
4.58753e+18
1.93341e+18
1.93341e+18
1.93341e+18
done


Running command iteration 199...
1.46398e+19
1.39075e+19
5.92144e+18
4.78152e+18
1.3052e+19
4.78152e+18
4.78152e+18
1.3052e+19
4.78152e+18
1.3052e+19
1.3052e+19
4.78152e+18
1.3052e+19
4.78152e+18
1.3052e+19
4.78152e+18
1.3052e+19
4.78152e+18
1.3052e+19
4.78152e+18
1.3052e+19
4.78152e+18
1.3052e+19
4.78152e+18
1.3052e+19
1.3052e+19
4.78152e+18
1.3052e+19
4.78152e+18
1.3052e+19
4.78152e+18
1.3052e+19
4.78152e+18
1.3052e+19
4.78152e+18
1.3052e+19
4.78152e+18
1.3052e+19
4.78152e+18
1.3052e+19
4.78152e+18
1.3052e+19
4.78152e+18
1.3052e+19
1.39075e+19
done


Running command iteration 200...
1.43621e+19
1.43393e+19
1.62079e+19
4.78645e+18
5.82457e+18
4.78645e+18
4.78645e+18
4.78645e+18
5.82457e+18
4.78645e+18
5.82457e+18
4.78645e+18
4.78645e+18
4.78645e+18
5.82457e+18
4.78645e+18
4.78645e+18
5.82457e+18
4.78645e+18
4.78645e+18
5.82457e+18
4.78645e+18
4.78645e+18
5.82457e+18
4.78645e+18
4.78645e+18
5.82457e+18
4.78645e+18
4.78645e+18
4.78645e+18
4.78645e+18
5.82457e+18
4.78645e+18
5.82457e+18
4.78645e+18
5.82457e+18
4.78645e+18
5.82457e+18
4.78645e+18
5.82457e+18
1.43393e+19
4.78645e+18
5.82457e+18
1.43393e+19
4.78645e+18
done


Running command iteration 201...
3.26994e+18
1.18989e+19
1.01813e+19
5.41886e+18
1.76623e+19
5.41886e+18
1.76623e+19
1.76623e+19
5.41886e+18
1.76623e+19
5.41886e+18
1.76623e+19
5.41886e+18
1.76623e+19
5.41886e+18
1.76623e+19
5.41886e+18
1.76623e+19
5.41886e+18
1.76623e+19
5.41886e+18
1.76623e+19
1.76623e+19
5.41886e+18
1.76623e+19
5.41886e+18
1.76623e+19
5.41886e+18
1.76623e+19
5.41886e+18
1.76623e+19
5.41886e+18
1.76623e+19
5.41886e+18
5.41886e+18
1.76623e+19
1.76623e+19
5.41886e+18
1.76623e+19
5.41886e+18
5.41886e+18
1.76623e+19
1.76623e+19
5.41886e+18
1.76623e+19
done


Running command iteration 202...
1.8081e+19
9.5028e+18
2.64305e+18
9.3809e+18
9.3809e+18
7.43006e+18
9.3809e+18
7.43006e+18
9.3809e+18
7.43006e+18
9.3809e+18
9.3809e+18
7.43006e+18
9.3809e+18
7.43006e+18
9.3809e+18
7.43006e+18
9.3809e+18
7.43006e+18
9.3809e+18
7.43006e+18
9.3809e+18
9.3809e+18
7.43006e+18
9.3809e+18
7.43006e+18
9.3809e+18
7.43006e+18
9.3809e+18
9.3809e+18
7.43006e+18
7.43006e+18
9.3809e+18
7.43006e+18
9.3809e+18
7.43006e+18
9.3809e+18
9.3809e+18
7.43006e+18
7.43006e+18
9.3809e+18
7.43006e+18
9.3809e+18
7.43006e+18
9.3809e+18
done


Running command iteration 203...
1.03461e+19
4.73619e+18
1.22857e+19
3.82233e+17
1.23942e+19
1.22857e+19
1.23942e+19
1.22857e+19
1.23942e+19
1.22857e+19
1.23942e+19
1.22857e+19
1.23942e+19
1.22857e+19
1.23942e+19
1.22857e+19
1.23942e+19
1.22857e+19
1.23942e+19
1.22857e+19
1.22857e+19
1.23942e+19
1.22857e+19
1.23942e+19
1.22857e+19
1.23942e+19
1.22857e+19
1.22857e+19
1.23942e+19
1.22857e+19
1.23942e+19
1.22857e+19
1.22857e+19
1.23942e+19
1.22857e+19
1.23942e+19
1.22857e+19
1.22857e+19
1.22857e+19
1.23942e+19
1.22857e+19
1.23942e+19
1.22857e+19
1.23942e+19
1.22857e+19
done


Running command iteration 204...
1.1443e+19
1.50461e+19
1.44568e+19
1.71862e+19
1.71862e+19
9.95898e+18
1.44568e+19
1.44568e+19
1.44568e+19
1.44568e+19
9.95898e+18
9.95898e+18
1.44568e+19
9.95898e+18
1.44568e+19
9.95898e+18
1.44568e+19
9.95898e+18
1.44568e+19
9.95898e+18
1.44568e+19
9.95898e+18
1.44568e+19
1.44568e+19
9.95898e+18
1.44568e+19
9.95898e+18
1.44568e+19
9.95898e+18
1.44568e+19
9.95898e+18
1.44568e+19
9.95898e+18
1.44568e+19
9.95898e+18
1.44568e+19
9.95898e+18
1.44568e+19
9.95898e+18
1.44568e+19
9.95898e+18
1.44568e+19
9.95898e+18
1.44568e+19
1.44568e+19
done


Running command iteration 205...
1.42092e+19
7.60258e+18
3.48097e+18
1.38217e+19
1.38217e+19
1.56291e+18
1.38217e+19
1.56291e+18
1.38217e+19
1.56291e+18
1.38217e+19
1.38217e+19
1.56291e+18
1.38217e+19
1.38217e+19
1.38217e+19
1.56291e+18
1.38217e+19
1.38217e+19
1.56291e+18
1.38217e+19
1.38217e+19
1.38217e+19
1.56291e+18
1.38217e+19
1.38217e+19
1.56291e+18
1.38217e+19
1.38217e+19
1.38217e+19
1.56291e+18
1.38217e+19
1.38217e+19
1.56291e+18
1.38217e+19
7.60258e+18
1.56291e+18
1.38217e+19
7.60258e+18
1.56291e+18
1.56291e+18
7.60258e+18
1.38217e+19
1.56291e+18
7.60258e+18
done


Running command iteration 206...
